"GO.ID";"Term";"Annotated";"Significant";"Expected";"classicFisher";"weighted"
"GO:0005975";"carbohydrate metabolic process";188;85;46,7;"2.5e-10";"1.3e-12"
"GO:0008643";"carbohydrate transport";51;29;12,67;"8.7e-07";"8.7e-07"
"GO:0000041";"transition metal ion transport";10;9;2,48;"2.7e-05";"1.00000"
"GO:0006865";"amino acid transport";33;17;8,2;"0.00082";"0.00082"
"GO:0015849";"organic acid transport";33;17;8,2;"0.00082";"1.00000"
"GO:0006825";"copper ion transport";7;6;1,74;"0.00128";"0.00128"
"GO:1901615";"organic hydroxy compound metabolic proce...";31;14;7,7;"0.01052";"1.00000"
"GO:0006885";"regulation of pH";5;4;1,24;"0.01518";"0.01518"
"GO:0055067";"monovalent inorganic cation homeostasis";5;4;1,24;"0.01518";"1.00000"
"GO:0006302";"double-strand break repair";3;3;0,75;"0.01528";"0.24791"
"GO:0051345";"positive regulation of hydrolase activit...";3;3;0,75;"0.01528";"1.00000"
"GO:0051346";"negative regulation of hydrolase activit...";3;3;0,75;"0.01528";"1.00000"
"GO:0051421";"regulation of endo-1,4-beta-xylanase act...";3;3;0,75;"0.01528";"1.00000"
"GO:0051422";"negative regulation of endo-1,4-beta-xyl...";3;3;0,75;"0.01528";"0.01528"
"GO:0051423";"positive regulation of endo-1,4-beta-xyl...";3;3;0,75;"0.01528";"0.01528"
"GO:0009116";"nucleoside metabolic process";34;14;8,45;"0.02597";"0.02597"
"GO:1901657";"glycosyl compound metabolic process";34;14;8,45;"0.02597";"1.00000"
"GO:0006066";"alcohol metabolic process";22;10;5,47;"0.02781";"0.00394"
"GO:0006355";"regulation of DNA-templated transcriptio...";330;95;81,98;"0.04683";"0.04683"
"GO:1903506";"regulation of nucleic acid-templated tra...";330;95;81,98;"0.04683";"1.00000"
"GO:2001141";"regulation of RNA biosynthetic process";330;95;81,98;"0.04683";"1.00000"
"GO:0007040";"lysosome organization";4;3;0,99;"0.04978";"0.04978"
"GO:0080171";"lytic vacuole organization";4;3;0,99;"0.04978";"1.00000"
"GO:0051252";"regulation of RNA metabolic process";331;95;82,23;"0.05034";"1.00000"
"GO:0006044";"N-acetylglucosamine metabolic process";2;2;0,5;"0.06165";"0.06165"
"GO:0006303";"double-strand break repair via nonhomolo...";2;2;0,5;"0.06165";"0.06165"
"GO:0006829";"zinc ion transport";2;2;0,5;"0.06165";"0.06165"
"GO:0019219";"regulation of nucleobase-containing comp...";334;95;82,97;"0.06205";"1.00000"
"GO:0006665";"sphingolipid metabolic process";7;4;1,74;"0.06887";"0.10150"
"GO:0048878";"chemical homeostasis";7;4;1,74;"0.06887";"1.00000"
"GO:0050801";"ion homeostasis";7;4;1,74;"0.06887";"1.00000"
"GO:0055080";"cation homeostasis";7;4;1,74;"0.06887";"1.00000"
"GO:0098771";"inorganic ion homeostasis";7;4;1,74;"0.06887";"1.00000"
"GO:0009889";"regulation of biosynthetic process";336;95;83,47;"0.07093";"1.00000"
"GO:0010468";"regulation of gene expression";336;95;83,47;"0.07093";"1.00000"
"GO:0010556";"regulation of macromolecule biosynthetic...";336;95;83,47;"0.07093";"1.00000"
"GO:0031326";"regulation of cellular biosynthetic proc...";336;95;83,47;"0.07093";"1.00000"
"GO:0046434";"organophosphate catabolic process";10;5;2,48;"0.07595";"1.00000"
"GO:0031323";"regulation of cellular metabolic process";341;95;84,71;"0.09715";"1.00000"
"GO:0044270";"cellular nitrogen compound catabolic pro...";20;8;4,97;"0.09802";"1.00000"
"GO:0046700";"heterocycle catabolic process";20;8;4,97;"0.09802";"1.00000"
"GO:0006915";"apoptotic process";5;3;1,24;"0.10167";"0.10167"
"GO:0007033";"vacuole organization";5;3;1,24;"0.10167";"1.00000"
"GO:0008219";"cell death";5;3;1,24;"0.10167";"1.00000"
"GO:0009166";"nucleotide catabolic process";5;3;1,24;"0.10167";"0.25855"
"GO:0012501";"programmed cell death";5;3;1,24;"0.10167";"1.00000"
"GO:1901292";"nucleoside phosphate catabolic process";5;3;1,24;"0.10167";"1.00000"
"GO:0006812";"cation transport";58;19;14,41;"0.10668";"0.32171"
"GO:0016042";"lipid catabolic process";8;4;1,99;"0.11134";"0.15409"
"GO:0006351";"DNA-templated transcription";345;95;85,7;"0.12251";"1.00000"
"GO:0097659";"nucleic acid-templated transcription";345;95;85,7;"0.12251";"1.00000"
"GO:1901361";"organic cyclic compound catabolic proces...";21;8;5,22;"0.12541";"1.00000"
"GO:0032774";"RNA biosynthetic process";347;95;86,2;"0.13672";"1.00000"
"GO:0006979";"response to oxidative stress";15;6;3,73;"0.14434";"0.14434"
"GO:0030001";"metal ion transport";39;13;9,69;"0.14739";"0.96541"
"GO:0006811";"ion transport";75;23;18,63;"0.14779";"1.00000"
"GO:0006810";"transport";407;110;101,1;"0.15019";"0.00229"
"GO:0006857";"oligopeptide transport";3;2;0,75;"0.15438";"0.15438"
"GO:0015833";"peptide transport";3;2;0,75;"0.15438";"1.00000"
"GO:0016998";"cell wall macromolecule catabolic proces...";3;2;0,75;"0.15438";"0.43480"
"GO:0042886";"amide transport";3;2;0,75;"0.15438";"1.00000"
"GO:0044036";"cell wall macromolecule metabolic proces...";3;2;0,75;"0.15438";"1.00000"
"GO:0016999";"antibiotic metabolic process";9;4;2,24;"0.16246";"1.00000"
"GO:0017001";"antibiotic catabolic process";9;4;2,24;"0.16246";"1.00000"
"GO:0030653";"beta-lactam antibiotic metabolic process";9;4;2,24;"0.16246";"1.00000"
"GO:0030655";"beta-lactam antibiotic catabolic process";9;4;2,24;"0.16246";"0.16246"
"GO:0046677";"response to antibiotic";9;4;2,24;"0.16246";"0.16246"
"GO:0072338";"cellular lactam metabolic process";9;4;2,24;"0.16246";"1.00000"
"GO:0072340";"cellular lactam catabolic process";9;4;2,24;"0.16246";"1.00000"
"GO:0051234";"establishment of localization";409;110;101,6;"0.16522";"1.00000"
"GO:0006801";"superoxide metabolic process";6;3;1,49;"0.16673";"0.16673"
"GO:0072593";"reactive oxygen species metabolic proces...";6;3;1,49;"0.16673";"1.00000"
"GO:0042221";"response to chemical";16;6;3,97;"0.18493";"1.00000"
"GO:0051179";"localization";412;110;102,35;"0.18943";"1.00000"
"GO:0042254";"ribosome biogenesis";30;10;7,45;"0.18979";"0.46770"
"GO:0006808";"regulation of nitrogen utilization";27;9;6,71;"0.20740";"0.20740"
"GO:0019740";"nitrogen utilization";27;9;6,71;"0.20740";"1.00000"
"GO:0032101";"regulation of response to external stimu...";27;9;6,71;"0.20740";"1.00000"
"GO:0032104";"regulation of response to extracellular ...";27;9;6,71;"0.20740";"1.00000"
"GO:0032107";"regulation of response to nutrient level...";27;9;6,71;"0.20740";"1.00000"
"GO:0006364";"rRNA processing";20;7;4,97;"0.20858";"0.20858"
"GO:0016072";"rRNA metabolic process";20;7;4,97;"0.20858";"1.00000"
"GO:0005976";"polysaccharide metabolic process";10;4;2,48;"0.22014";"0.24816"
"GO:0043605";"cellular amide catabolic process";10;4;2,48;"0.22014";"1.00000"
"GO:0051336";"regulation of hydrolase activity";10;4;2,48;"0.22014";"1.00000"
"GO:0072330";"monocarboxylic acid biosynthetic process";10;4;2,48;"0.22014";"1.00000"
"GO:0022613";"ribonucleoprotein complex biogenesis";31;10;7,7;"0.22167";"1.00000"
"GO:0006766";"vitamin metabolic process";17;6;4,22;"0.22934";"1.00000"
"GO:0006767";"water-soluble vitamin metabolic process";17;6;4,22;"0.22934";"1.00000"
"GO:0009110";"vitamin biosynthetic process";17;6;4,22;"0.22934";"1.00000"
"GO:0042364";"water-soluble vitamin biosynthetic proce...";17;6;4,22;"0.22934";"1.00000"
"GO:0006476";"protein deacetylation";7;3;1,74;"0.24013";"0.24013"
"GO:0035601";"protein deacylation";7;3;1,74;"0.24013";"1.00000"
"GO:0098732";"macromolecule deacylation";7;3;1,74;"0.24013";"1.00000"
"GO:0006097";"glyoxylate cycle";1;1;0,25;"0.24841";"0.24841"
"GO:0006195";"purine nucleotide catabolic process";1;1;0,25;"0.24841";"1.00000"
"GO:0006198";"cAMP catabolic process";1;1;0,25;"0.24841";"0.24841"
"GO:0006313";"transposition, DNA-mediated";1;1;0,25;"0.24841";"0.24841"
"GO:0006471";"protein ADP-ribosylation";1;1;0,25;"0.24841";"0.24841"
"GO:0006481";"C-terminal protein methylation";1;1;0,25;"0.24841";"0.24841"
"GO:0006562";"proline catabolic process";1;1;0,25;"0.24841";"0.24841"
"GO:0006787";"porphyrin-containing compound catabolic ...";1;1;0,25;"0.24841";"1.00000"
"GO:0006788";"heme oxidation";1;1;0,25;"0.24841";"0.24841"
"GO:0006826";"iron ion transport";1;1;0,25;"0.24841";"0.24841"
"GO:0006909";"phagocytosis";1;1;0,25;"0.24841";"0.24841"
"GO:0007155";"cell adhesion";1;1;0,25;"0.24841";"0.24841"
"GO:0007585";"respiratory gaseous exchange by respirat...";1;1;0,25;"0.24841";"0.24841"
"GO:0009065";"glutamine family amino acid catabolic pr...";1;1;0,25;"0.24841";"1.00000"
"GO:0009154";"purine ribonucleotide catabolic process";1;1;0,25;"0.24841";"1.00000"
"GO:0009214";"cyclic nucleotide catabolic process";1;1;0,25;"0.24841";"1.00000"
"GO:0009261";"ribonucleotide catabolic process";1;1;0,25;"0.24841";"1.00000"
"GO:0009310";"amine catabolic process";1;1;0,25;"0.24841";"0.24841"
"GO:0010383";"cell wall polysaccharide metabolic proce...";1;1;0,25;"0.24841";"1.00000"
"GO:0010410";"hemicellulose metabolic process";1;1;0,25;"0.24841";"1.00000"
"GO:0010498";"proteasomal protein catabolic process";1;1;0,25;"0.24841";"1.00000"
"GO:0015074";"DNA integration";1;1;0,25;"0.24841";"0.24841"
"GO:0015703";"chromate transport";1;1;0,25;"0.24841";"0.24841"
"GO:0018410";"C-terminal protein amino acid modificati...";1;1;0,25;"0.24841";"1.00000"
"GO:0019627";"urea metabolic process";1;1;0,25;"0.24841";"0.24841"
"GO:0032196";"transposition";1;1;0,25;"0.24841";"1.00000"
"GO:0033015";"tetrapyrrole catabolic process";1;1;0,25;"0.24841";"1.00000"
"GO:0043161";"proteasome-mediated ubiquitin-dependent ...";1;1;0,25;"0.24841";"0.24841"
"GO:0044347";"cell wall polysaccharide catabolic proce...";1;1;0,25;"0.24841";"1.00000"
"GO:0045491";"xylan metabolic process";1;1;0,25;"0.24841";"1.00000"
"GO:0045493";"xylan catabolic process";1;1;0,25;"0.24841";"0.24841"
"GO:0046058";"cAMP metabolic process";1;1;0,25;"0.24841";"1.00000"
"GO:0046487";"glyoxylate metabolic process";1;1;0,25;"0.24841";"1.00000"
"GO:0071941";"nitrogen cycle metabolic process";1;1;0,25;"0.24841";"1.00000"
"GO:0072523";"purine-containing compound catabolic pro...";1;1;0,25;"0.24841";"1.00000"
"GO:2000895";"hemicellulose catabolic process";1;1;0,25;"0.24841";"1.00000"
"GO:0006108";"malate metabolic process";4;2;0,99;"0.25897";"0.25897"
"GO:0006817";"phosphate ion transport";4;2;0,99;"0.25897";"0.25897"
"GO:0009086";"methionine biosynthetic process";4;2;0,99;"0.25897";"0.25897"
"GO:0009395";"phospholipid catabolic process";4;2;0,99;"0.25897";"0.25897"
"GO:0043414";"macromolecule methylation";4;2;0,99;"0.25897";"1.00000"
"GO:0051341";"regulation of oxidoreductase activity";4;2;0,99;"0.25897";"0.25897"
"GO:0071554";"cell wall organization or biogenesis";4;2;0,99;"0.25897";"1.00000"
"GO:0006629";"lipid metabolic process";104;29;25,84;"0.26548";"0.22595"
"GO:0009308";"amine metabolic process";18;6;4,47;"0.27666";"0.43466"
"GO:0019439";"aromatic compound catabolic process";11;4;2,73;"0.28210";"1.00000"
"GO:0006643";"membrane lipid metabolic process";15;5;3,73;"0.30800";"1.00000"
"GO:0032259";"methylation";8;3;1,99;"0.31740";"0.68055"
"GO:0034655";"nucleobase-containing compound catabolic...";8;3;1,99;"0.31740";"1.00000"
"GO:0043648";"dicarboxylic acid metabolic process";8;3;1,99;"0.31740";"1.00000"
"GO:0015698";"inorganic anion transport";12;4;2,98;"0.34618";"1.00000"
"GO:0000272";"polysaccharide catabolic process";5;2;1,24;"0.36384";"0.68069"
"GO:0000394";"RNA splicing, via endonucleolytic cleava...";5;2;1,24;"0.36384";"1.00000"
"GO:0005984";"disaccharide metabolic process";5;2;1,24;"0.36384";"1.00000"
"GO:0005991";"trehalose metabolic process";5;2;1,24;"0.36384";"0.43505"
"GO:0006388";"tRNA splicing, via endonucleolytic cleav...";5;2;1,24;"0.36384";"0.36384"
"GO:0016125";"sterol metabolic process";5;2;1,24;"0.36384";"0.36384"
"GO:0044242";"cellular lipid catabolic process";5;2;1,24;"0.36384";"1.00000"
"GO:0006040";"amino sugar metabolic process";16;5;3,97;"0.36394";"1.00000"
"GO:0042592";"homeostatic process";16;5;3,97;"0.36394";"1.00000"
"GO:1901071";"glucosamine-containing compound metaboli...";16;5;3,97;"0.36394";"1.00000"
"GO:0044085";"cellular component biogenesis";59;16;14,66;"0.38998";"1.00000"
"GO:0006026";"aminoglycan catabolic process";13;4;3,23;"0.41042";"1.00000"
"GO:0006575";"cellular modified amino acid metabolic p...";13;4;3,23;"0.41042";"1.00000"
"GO:0006820";"anion transport";13;4;3,23;"0.41042";"1.00000"
"GO:0033013";"tetrapyrrole metabolic process";13;4;3,23;"0.41042";"1.00000"
"GO:0072528";"pyrimidine-containing compound biosynthe...";13;4;3,23;"0.41042";"1.00000"
"GO:0000270";"peptidoglycan metabolic process";2;1;0,5;"0.43518";"1.00000"
"GO:0006027";"glycosaminoglycan catabolic process";2;1;0,5;"0.43518";"1.00000"
"GO:0006081";"cellular aldehyde metabolic process";2;1;0,5;"0.43518";"1.00000"
"GO:0006177";"GMP biosynthetic process";2;1;0,5;"0.43518";"0.43518"
"GO:0006222";"UMP biosynthetic process";2;1;0,5;"0.43518";"0.43518"
"GO:0006305";"DNA alkylation";2;1;0,5;"0.43518";"1.00000"
"GO:0006306";"DNA methylation";2;1;0,5;"0.43518";"0.43518"
"GO:0006422";"aspartyl-tRNA aminoacylation";2;1;0,5;"0.43518";"0.43518"
"GO:0006429";"leucyl-tRNA aminoacylation";2;1;0,5;"0.43518";"0.43518"
"GO:0006434";"seryl-tRNA aminoacylation";2;1;0,5;"0.43518";"0.43518"
"GO:0006479";"protein methylation";2;1;0,5;"0.43518";"1.00000"
"GO:0006537";"glutamate biosynthetic process";2;1;0,5;"0.43518";"0.43518"
"GO:0006553";"lysine metabolic process";2;1;0,5;"0.43518";"1.00000"
"GO:0006564";"L-serine biosynthetic process";2;1;0,5;"0.43518";"0.43518"
"GO:0006672";"ceramide metabolic process";2;1;0,5;"0.43518";"0.43518"
"GO:0006750";"glutathione biosynthetic process";2;1;0,5;"0.43518";"0.43518"
"GO:0006768";"biotin metabolic process";2;1;0,5;"0.43518";"1.00000"
"GO:0006855";"xenobiotic transmembrane transport";2;1;0,5;"0.43518";"0.43518"
"GO:0007205";"protein kinase C-activating G protein-co...";2;1;0,5;"0.43518";"0.43518"
"GO:0008213";"protein alkylation";2;1;0,5;"0.43518";"1.00000"
"GO:0008614";"pyridoxine metabolic process";2;1;0,5;"0.43518";"1.00000"
"GO:0008615";"pyridoxine biosynthetic process";2;1;0,5;"0.43518";"0.43518"
"GO:0009085";"lysine biosynthetic process";2;1;0,5;"0.43518";"0.43518"
"GO:0009102";"biotin biosynthetic process";2;1;0,5;"0.43518";"0.43518"
"GO:0009173";"pyrimidine ribonucleoside monophosphate ...";2;1;0,5;"0.43518";"1.00000"
"GO:0009174";"pyrimidine ribonucleoside monophosphate ...";2;1;0,5;"0.43518";"1.00000"
"GO:0009187";"cyclic nucleotide metabolic process";2;1;0,5;"0.43518";"1.00000"
"GO:0009253";"peptidoglycan catabolic process";2;1;0,5;"0.43518";"0.43518"
"GO:0009448";"gamma-aminobutyric acid metabolic proces...";2;1;0,5;"0.43518";"0.43518"
"GO:0015936";"coenzyme A metabolic process";2;1;0,5;"0.43518";"0.43518"
"GO:0015939";"pantothenate metabolic process";2;1;0,5;"0.43518";"1.00000"
"GO:0015940";"pantothenate biosynthetic process";2;1;0,5;"0.43518";"0.43518"
"GO:0016559";"peroxisome fission";2;1;0,5;"0.43518";"0.43518"
"GO:0019184";"nonribosomal peptide biosynthetic proces...";2;1;0,5;"0.43518";"1.00000"
"GO:0019566";"arabinose metabolic process";2;1;0,5;"0.43518";"1.00000"
"GO:0030203";"glycosaminoglycan metabolic process";2;1;0,5;"0.43518";"1.00000"
"GO:0031123";"RNA 3'-end processing";2;1;0,5;"0.43518";"0.43518"
"GO:0032501";"multicellular organismal process";2;1;0,5;"0.43518";"1.00000"
"GO:0033865";"nucleoside bisphosphate metabolic proces...";2;1;0,5;"0.43518";"1.00000"
"GO:0033875";"ribonucleoside bisphosphate metabolic pr...";2;1;0,5;"0.43518";"1.00000"
"GO:0034032";"purine nucleoside bisphosphate metabolic...";2;1;0,5;"0.43518";"1.00000"
"GO:0042816";"vitamin B6 metabolic process";2;1;0,5;"0.43518";"1.00000"
"GO:0042819";"vitamin B6 biosynthetic process";2;1;0,5;"0.43518";"1.00000"
"GO:0042908";"xenobiotic transport";2;1;0,5;"0.43518";"1.00000"
"GO:0043631";"RNA polyadenylation";2;1;0,5;"0.43518";"0.43518"
"GO:0043650";"dicarboxylic acid biosynthetic process";2;1;0,5;"0.43518";"1.00000"
"GO:0044728";"DNA methylation or demethylation";2;1;0,5;"0.43518";"1.00000"
"GO:0046037";"GMP metabolic process";2;1;0,5;"0.43518";"1.00000"
"GO:0046049";"UMP metabolic process";2;1;0,5;"0.43518";"1.00000"
"GO:0046373";"L-arabinose metabolic process";2;1;0,5;"0.43518";"0.43518"
"GO:0051342";"regulation of cyclic-nucleotide phosphod...";2;1;0,5;"0.43518";"0.43518"
"GO:0034654";"nucleobase-containing compound biosynthe...";404;102;100,36;"0.44093";"1.00000"
"GO:0006006";"glucose metabolic process";6;2;1,49;"0.46239";"0.57544"
"GO:0006098";"pentose-phosphate shunt";6;2;1,49;"0.46239";"0.46239"
"GO:0006221";"pyrimidine nucleotide biosynthetic proce...";6;2;1,49;"0.46239";"0.57544"
"GO:0006555";"methionine metabolic process";6;2;1,49;"0.46239";"1.00000"
"GO:0006633";"fatty acid biosynthetic process";6;2;1,49;"0.46239";"0.46239"
"GO:0006739";"NADP metabolic process";6;2;1,49;"0.46239";"1.00000"
"GO:0006740";"NADPH regeneration";6;2;1,49;"0.46239";"1.00000"
"GO:0044264";"cellular polysaccharide metabolic proces...";6;2;1,49;"0.46239";"1.00000"
"GO:0051156";"glucose 6-phosphate metabolic process";6;2;1,49;"0.46239";"1.00000"
"GO:0009067";"aspartate family amino acid biosynthetic...";10;3;2,48;"0.46976";"1.00000"
"GO:0051258";"protein polymerization";10;3;2,48;"0.46976";"0.46976"
"GO:0009126";"purine nucleoside monophosphate metaboli...";14;4;3,48;"0.47320";"1.00000"
"GO:0009127";"purine nucleoside monophosphate biosynth...";14;4;3,48;"0.47320";"1.00000"
"GO:0009167";"purine ribonucleoside monophosphate meta...";14;4;3,48;"0.47320";"1.00000"
"GO:0009168";"purine ribonucleoside monophosphate bios...";14;4;3,48;"0.47320";"0.62884"
"GO:0016051";"carbohydrate biosynthetic process";14;4;3,48;"0.47320";"0.43517"
"GO:0009156";"ribonucleoside monophosphate biosyntheti...";18;5;4,47;"0.47517";"1.00000"
"GO:0009161";"ribonucleoside monophosphate metabolic p...";18;5;4,47;"0.47517";"1.00000"
"GO:0044272";"sulfur compound biosynthetic process";18;5;4,47;"0.47517";"1.00000"
"GO:1901136";"carbohydrate derivative catabolic proces...";18;5;4,47;"0.47517";"1.00000"
"GO:0018130";"heterocycle biosynthetic process";447;112;111,04;"0.47551";"1.00000"
"GO:0044262";"cellular carbohydrate metabolic process";22;6;5,47;"0.47641";"0.92323"
"GO:0009605";"response to external stimulus";34;9;8,45;"0.47818";"1.00000"
"GO:0009991";"response to extracellular stimulus";34;9;8,45;"0.47818";"1.00000"
"GO:0031667";"response to nutrient levels";34;9;8,45;"0.47818";"1.00000"
"GO:1901135";"carbohydrate derivative metabolic proces...";127;32;31,55;"0.49761";"1.00000"
"GO:0055086";"nucleobase-containing small molecule met...";115;29;28,57;"0.49910";"1.00000"
"GO:0032787";"monocarboxylic acid metabolic process";27;7;6,71;"0.52189";"1.00000"
"GO:0009123";"nucleoside monophosphate metabolic proce...";19;5;4,72;"0.52847";"1.00000"
"GO:0009124";"nucleoside monophosphate biosynthetic pr...";19;5;4,72;"0.52847";"1.00000"
"GO:0044106";"cellular amine metabolic process";15;4;3,73;"0.53328";"1.00000"
"GO:0072527";"pyrimidine-containing compound metabolic...";15;4;3,73;"0.53328";"1.00000"
"GO:0006032";"chitin catabolic process";11;3;2,73;"0.54013";"0.54013"
"GO:0042398";"cellular modified amino acid biosyntheti...";11;3;2,73;"0.54013";"1.00000"
"GO:0046348";"amino sugar catabolic process";11;3;2,73;"0.54013";"1.00000"
"GO:1901072";"glucosamine-containing compound cataboli...";11;3;2,73;"0.54013";"1.00000"
"GO:0006220";"pyrimidine nucleotide metabolic process";7;2;1,74;"0.55130";"1.00000"
"GO:0006284";"base-excision repair";7;2;1,74;"0.55130";"0.55130"
"GO:0006760";"folic acid-containing compound metabolic...";7;2;1,74;"0.55130";"0.24858"
"GO:0006771";"riboflavin metabolic process";7;2;1,74;"0.55130";"1.00000"
"GO:0007186";"G protein-coupled receptor signaling pat...";7;2;1,74;"0.55130";"0.76017"
"GO:0009231";"riboflavin biosynthetic process";7;2;1,74;"0.55130";"0.55130"
"GO:0009311";"oligosaccharide metabolic process";7;2;1,74;"0.55130";"1.00000"
"GO:0009636";"response to toxic substance";7;2;1,74;"0.55130";"0.55130"
"GO:0042558";"pteridine-containing compound metabolic ...";7;2;1,74;"0.55130";"1.00000"
"GO:0042726";"flavin-containing compound metabolic pro...";7;2;1,74;"0.55130";"1.00000"
"GO:0042727";"flavin-containing compound biosynthetic ...";7;2;1,74;"0.55130";"1.00000"
"GO:0019438";"aromatic compound biosynthetic process";443;109;110,05;"0.57043";"1.00000"
"GO:0005977";"glycogen metabolic process";3;1;0,75;"0.57558";"1.00000"
"GO:0005978";"glycogen biosynthetic process";3;1;0,75;"0.57558";"0.57558"
"GO:0005992";"trehalose biosynthetic process";3;1;0,75;"0.57558";"0.57558"
"GO:0006072";"glycerol-3-phosphate metabolic process";3;1;0,75;"0.57558";"0.57558"
"GO:0006094";"gluconeogenesis";3;1;0,75;"0.57558";"0.57558"
"GO:0006112";"energy reserve metabolic process";3;1;0,75;"0.57558";"1.00000"
"GO:0006207";"'de novo' pyrimidine nucleobase biosynth...";3;1;0,75;"0.57558";"0.57558"
"GO:0006487";"protein N-linked glycosylation";3;1;0,75;"0.57558";"0.57558"
"GO:0006536";"glutamate metabolic process";3;1;0,75;"0.57558";"1.00000"
"GO:0006730";"one-carbon metabolic process";3;1;0,75;"0.57558";"0.57558"
"GO:0006749";"glutathione metabolic process";3;1;0,75;"0.57558";"1.00000"
"GO:0006914";"autophagy";3;1;0,75;"0.57558";"0.57558"
"GO:0008272";"sulfate transport";3;1;0,75;"0.57558";"0.57558"
"GO:0009129";"pyrimidine nucleoside monophosphate meta...";3;1;0,75;"0.57558";"1.00000"
"GO:0009130";"pyrimidine nucleoside monophosphate bios...";3;1;0,75;"0.57558";"1.00000"
"GO:0009218";"pyrimidine ribonucleotide metabolic proc...";3;1;0,75;"0.57558";"1.00000"
"GO:0009220";"pyrimidine ribonucleotide biosynthetic p...";3;1;0,75;"0.57558";"1.00000"
"GO:0009228";"thiamine biosynthetic process";3;1;0,75;"0.57558";"0.57558"
"GO:0009312";"oligosaccharide biosynthetic process";3;1;0,75;"0.57558";"1.00000"
"GO:0009712";"catechol-containing compound metabolic p...";3;1;0,75;"0.57558";"0.57558"
"GO:0019321";"pentose metabolic process";3;1;0,75;"0.57558";"1.00000"
"GO:0034309";"primary alcohol biosynthetic process";3;1;0,75;"0.57558";"1.00000"
"GO:0046351";"disaccharide biosynthetic process";3;1;0,75;"0.57558";"1.00000"
"GO:0052646";"alditol phosphate metabolic process";3;1;0,75;"0.57558";"1.00000"
"GO:0061919";"process utilizing autophagic mechanism";3;1;0,75;"0.57558";"1.00000"
"GO:0072348";"sulfur compound transport";3;1;0,75;"0.57558";"1.00000"
"GO:0065008";"regulation of biological quality";20;5;4,97;"0.57921";"1.00000"
"GO:0006022";"aminoglycan metabolic process";16;4;3,97;"0.58972";"1.00000"
"GO:0044255";"cellular lipid metabolic process";62;15;15,4;"0.59674";"1.00000"
"GO:0018106";"peptidyl-histidine phosphorylation";12;3;2,98;"0.60478";"0.60478"
"GO:0033014";"tetrapyrrole biosynthetic process";12;3;2,98;"0.60478";"0.36436"
"GO:1901362";"organic cyclic compound biosynthetic pro...";464;113;115,26;"0.62435";"1.00000"
"GO:0006289";"nucleotide-excision repair";8;2;1,99;"0.62926";"0.62926"
"GO:0006720";"isoprenoid metabolic process";8;2;1,99;"0.62926";"1.00000"
"GO:0006778";"porphyrin-containing compound metabolic ...";8;2;1,99;"0.62926";"1.00000"
"GO:0008299";"isoprenoid biosynthetic process";8;2;1,99;"0.62926";"0.62926"
"GO:0034637";"cellular carbohydrate biosynthetic proce...";8;2;1,99;"0.62926";"1.00000"
"GO:1901617";"organic hydroxy compound biosynthetic pr...";8;2;1,99;"0.62926";"1.00000"
"GO:0050794";"regulation of cellular process";441;107;109,55;"0.63977";"1.00000"
"GO:0008152";"metabolic process";2337;577;580,54;"0.66164";"0.00135"
"GO:0009066";"aspartate family amino acid metabolic pr...";13;3;3,23;"0.66309";"1.00000"
"GO:0018202";"peptidyl-histidine modification";13;3;3,23;"0.66309";"1.00000"
"GO:0060255";"regulation of macromolecule metabolic pr...";415;100;103,09;"0.66770";"1.00000"
"GO:0019222";"regulation of metabolic process";416;100;103,34;"0.67857";"1.00000"
"GO:0051171";"regulation of nitrogen compound metaboli...";416;100;103,34;"0.67857";"1.00000"
"GO:0080090";"regulation of primary metabolic process";416;100;103,34;"0.67857";"1.00000"
"GO:0000271";"polysaccharide biosynthetic process";4;1;0,99;"0.68112";"1.00000"
"GO:0006073";"cellular glucan metabolic process";4;1;0,99;"0.68112";"1.00000"
"GO:0006188";"IMP biosynthetic process";4;1;0,99;"0.68112";"1.00000"
"GO:0006189";"'de novo' IMP biosynthetic process";4;1;0,99;"0.68112";"0.68112"
"GO:0006206";"pyrimidine nucleobase metabolic process";4;1;0,99;"0.68112";"1.00000"
"GO:0006304";"DNA modification";4;1;0,99;"0.68112";"1.00000"
"GO:0006415";"translational termination";4;1;0,99;"0.68112";"0.68112"
"GO:0006551";"leucine metabolic process";4;1;0,99;"0.68112";"1.00000"
"GO:0006743";"ubiquinone metabolic process";4;1;0,99;"0.68112";"1.00000"
"GO:0006744";"ubiquinone biosynthetic process";4;1;0,99;"0.68112";"0.68112"
"GO:0006772";"thiamine metabolic process";4;1;0,99;"0.68112";"1.00000"
"GO:0006816";"calcium ion transport";4;1;0,99;"0.68112";"0.68112"
"GO:0009098";"leucine biosynthetic process";4;1;0,99;"0.68112";"0.68112"
"GO:0009250";"glucan biosynthetic process";4;1;0,99;"0.68112";"1.00000"
"GO:0016226";"iron-sulfur cluster assembly";4;1;0,99;"0.68112";"0.68112"
"GO:0018958";"phenol-containing compound metabolic pro...";4;1;0,99;"0.68112";"1.00000"
"GO:0019319";"hexose biosynthetic process";4;1;0,99;"0.68112";"1.00000"
"GO:0019856";"pyrimidine nucleobase biosynthetic proce...";4;1;0,99;"0.68112";"1.00000"
"GO:0022411";"cellular component disassembly";4;1;0,99;"0.68112";"1.00000"
"GO:0030259";"lipid glycosylation";4;1;0,99;"0.68112";"0.68112"
"GO:0031163";"metallo-sulfur cluster assembly";4;1;0,99;"0.68112";"1.00000"
"GO:0032984";"protein-containing complex disassembly";4;1;0,99;"0.68112";"1.00000"
"GO:0033692";"cellular polysaccharide biosynthetic pro...";4;1;0,99;"0.68112";"1.00000"
"GO:0034308";"primary alcohol metabolic process";4;1;0,99;"0.68112";"1.00000"
"GO:0042168";"heme metabolic process";4;1;0,99;"0.68112";"1.00000"
"GO:0042180";"cellular ketone metabolic process";4;1;0,99;"0.68112";"1.00000"
"GO:0042181";"ketone biosynthetic process";4;1;0,99;"0.68112";"1.00000"
"GO:0042440";"pigment metabolic process";4;1;0,99;"0.68112";"1.00000"
"GO:0042723";"thiamine-containing compound metabolic p...";4;1;0,99;"0.68112";"1.00000"
"GO:0042724";"thiamine-containing compound biosyntheti...";4;1;0,99;"0.68112";"1.00000"
"GO:0044042";"glucan metabolic process";4;1;0,99;"0.68112";"1.00000"
"GO:0046040";"IMP metabolic process";4;1;0,99;"0.68112";"1.00000"
"GO:0046364";"monosaccharide biosynthetic process";4;1;0,99;"0.68112";"1.00000"
"GO:1901661";"quinone metabolic process";4;1;0,99;"0.68112";"1.00000"
"GO:1901663";"quinone biosynthetic process";4;1;0,99;"0.68112";"1.00000"
"GO:0006790";"sulfur compound metabolic process";31;7;7,7;"0.68223";"0.68153"
"GO:0071702";"organic substance transport";216;51;53,66;"0.69404";"1.00000"
"GO:0043933";"protein-containing complex organization";27;6;6,71;"0.69549";"1.00000"
"GO:0000097";"sulfur amino acid biosynthetic process";9;2;2,24;"0.69623";"1.00000"
"GO:0006310";"DNA recombination";9;2;2,24;"0.69623";"0.89822"
"GO:0006631";"fatty acid metabolic process";9;2;2,24;"0.69623";"1.00000"
"GO:0048583";"regulation of response to stimulus";49;11;12,17;"0.70459";"1.00000"
"GO:0065003";"protein-containing complex assembly";23;5;5,71;"0.71180";"1.00000"
"GO:0005996";"monosaccharide metabolic process";14;3;3,48;"0.71488";"1.00000"
"GO:0006030";"chitin metabolic process";14;3;3,48;"0.71488";"1.00000"
"GO:0072524";"pyridine-containing compound metabolic p...";14;3;3,48;"0.71488";"1.00000"
"GO:0034470";"ncRNA processing";42;9;10,43;"0.75144";"1.00000"
"GO:0006334";"nucleosome assembly";10;2;2,48;"0.75285";"0.75285"
"GO:0034728";"nucleosome organization";10;2;2,48;"0.75285";"1.00000"
"GO:0065004";"protein-DNA complex assembly";10;2;2,48;"0.75285";"1.00000"
"GO:0071824";"protein-DNA complex subunit organization";10;2;2,48;"0.75285";"1.00000"
"GO:0006497";"protein lipidation";5;1;1,24;"0.76044";"1.00000"
"GO:0006506";"GPI anchor biosynthetic process";5;1;1,24;"0.76044";"0.76044"
"GO:0006573";"valine metabolic process";5;1;1,24;"0.76044";"0.76044"
"GO:0009247";"glycolipid biosynthetic process";5;1;1,24;"0.76044";"1.00000"
"GO:0030258";"lipid modification";5;1;1,24;"0.76044";"1.00000"
"GO:0042157";"lipoprotein metabolic process";5;1;1,24;"0.76044";"1.00000"
"GO:0042158";"lipoprotein biosynthetic process";5;1;1,24;"0.76044";"1.00000"
"GO:0046467";"membrane lipid biosynthetic process";5;1;1,24;"0.76044";"1.00000"
"GO:0048285";"organelle fission";5;1;1,24;"0.76044";"1.00000"
"GO:0008610";"lipid biosynthetic process";43;9;10,68;"0.77735";"0.63070"
"GO:0022607";"cellular component assembly";30;6;7,45;"0.79313";"1.00000"
"GO:0018193";"peptidyl-amino acid modification";16;3;3,97;"0.79963";"1.00000"
"GO:0008380";"RNA splicing";11;2;2,73;"0.80013";"1.00000"
"GO:0019318";"hexose metabolic process";11;2;2,73;"0.80013";"1.00000"
"GO:0065007";"biological regulation";563;132;139,86;"0.81688";"1.00000"
"GO:0006560";"proline metabolic process";6;1;1,49;"0.82005";"1.00000"
"GO:0006661";"phosphatidylinositol biosynthetic proces...";6;1;1,49;"0.82005";"1.00000"
"GO:0009396";"folic acid-containing compound biosynthe...";6;1;1,49;"0.82005";"0.82005"
"GO:0042559";"pteridine-containing compound biosynthet...";6;1;1,49;"0.82005";"1.00000"
"GO:0045017";"glycerolipid biosynthetic process";6;1;1,49;"0.82005";"1.00000"
"GO:0046112";"nucleobase biosynthetic process";6;1;1,49;"0.82005";"1.00000"
"GO:0046165";"alcohol biosynthetic process";6;1;1,49;"0.82005";"1.00000"
"GO:0046474";"glycerophospholipid biosynthetic process";6;1;1,49;"0.82005";"1.00000"
"GO:0006508";"proteolysis";180;40;44,71;"0.82280";"0.29848"
"GO:0016052";"carbohydrate catabolic process";17;3;4,22;"0.83343";"1.00000"
"GO:0070085";"glycosylation";17;3;4,22;"0.83343";"1.00000"
"GO:0006325";"chromatin organization";12;2;2,98;"0.83920";"1.00000"
"GO:0006338";"chromatin remodeling";12;2;2,98;"0.83920";"1.00000"
"GO:0007018";"microtubule-based movement";12;2;2,98;"0.83920";"0.83920"
"GO:0019362";"pyridine nucleotide metabolic process";12;2;2,98;"0.83920";"1.00000"
"GO:0046496";"nicotinamide nucleotide metabolic proces...";12;2;2,98;"0.83920";"1.00000"
"GO:0016070";"RNA metabolic process";496;115;123,21;"0.83920";"0.99945"
"GO:0006950";"response to stress";92;19;22,85;"0.85783";"0.25884"
"GO:0006644";"phospholipid metabolic process";33;6;8,2;"0.86479";"0.43655"
"GO:0006526";"arginine biosynthetic process";7;1;1,74;"0.86484";"0.86484"
"GO:0006779";"porphyrin-containing compound biosynthet...";7;1;1,74;"0.86484";"0.86484"
"GO:0009063";"cellular amino acid catabolic process";7;1;1,74;"0.86484";"1.00000"
"GO:0009112";"nucleobase metabolic process";7;1;1,74;"0.86484";"1.00000"
"GO:0055085";"transmembrane transport";7;1;1,74;"0.86484";"1.00000"
"GO:1901606";"alpha-amino acid catabolic process";7;1;1,74;"0.86484";"1.00000"
"GO:0000096";"sulfur amino acid metabolic process";13;2;3,23;"0.87121";"1.00000"
"GO:0006470";"protein dephosphorylation";13;2;3,23;"0.87121";"0.87121"
"GO:0006486";"protein glycosylation";13;2;3,23;"0.87121";"0.94271"
"GO:0008202";"steroid metabolic process";13;2;3,23;"0.87121";"1.00000"
"GO:0009101";"glycoprotein biosynthetic process";13;2;3,23;"0.87121";"1.00000"
"GO:0043413";"macromolecule glycosylation";13;2;3,23;"0.87121";"1.00000"
"GO:0016311";"dephosphorylation";19;3;4,72;"0.88651";"0.82064"
"GO:0044281";"small molecule metabolic process";349;78;86,7;"0.88809";"1.00000"
"GO:0006505";"GPI anchor metabolic process";8;1;1,99;"0.89850";"1.00000"
"GO:0006525";"arginine metabolic process";8;1;1,99;"0.89850";"1.00000"
"GO:0006563";"L-serine metabolic process";8;1;1,99;"0.89850";"1.00000"
"GO:0006664";"glycolipid metabolic process";8;1;1,99;"0.89850";"1.00000"
"GO:0007031";"peroxisome organization";8;1;1,99;"0.89850";"1.00000"
"GO:0007049";"cell cycle";8;1;1,99;"0.89850";"0.89850"
"GO:0009070";"serine family amino acid biosynthetic pr...";8;1;1,99;"0.89850";"1.00000"
"GO:0072525";"pyridine-containing compound biosyntheti...";8;1;1,99;"0.89850";"1.00000"
"GO:1903509";"liposaccharide metabolic process";8;1;1,99;"0.89850";"1.00000"
"GO:0044248";"cellular catabolic process";83;16;20,62;"0.90935";"1.00000"
"GO:0009056";"catabolic process";121;24;30,06;"0.92329";"1.00000"
"GO:0016054";"organic acid catabolic process";9;1;2,24;"0.92378";"1.00000"
"GO:0045454";"cell redox homeostasis";9;1;2,24;"0.92378";"0.92378"
"GO:0046395";"carboxylic acid catabolic process";9;1;2,24;"0.92378";"1.00000"
"GO:0008654";"phospholipid biosynthetic process";21;3;5,22;"0.92393";"0.91856"
"GO:0046394";"carboxylic acid biosynthetic process";62;11;15,4;"0.93179";"1.00000"
"GO:1901575";"organic substance catabolic process";118;23;29,31;"0.93377";"1.00000"
"GO:0050789";"regulation of biological process";540;121;134,14;"0.93432";"1.00000"
"GO:0071840";"cellular component organization or bioge...";109;21;27,08;"0.93451";"1.00000"
"GO:0009084";"glutamine family amino acid biosynthetic...";16;2;3,97;"0.93531";"1.00000"
"GO:0009100";"glycoprotein metabolic process";16;2;3,97;"0.93531";"1.00000"
"GO:1901607";"alpha-amino acid biosynthetic process";43;7;10,68;"0.93734";"1.00000"
"GO:0006096";"glycolytic process";10;1;2,48;"0.94277";"0.94277"
"GO:0006165";"nucleoside diphosphate phosphorylation";10;1;2,48;"0.94277";"1.00000"
"GO:0006757";"ATP generation from ADP";10;1;2,48;"0.94277";"1.00000"
"GO:0009082";"branched-chain amino acid biosynthetic p...";10;1;2,48;"0.94277";"1.00000"
"GO:0009135";"purine nucleoside diphosphate metabolic ...";10;1;2,48;"0.94277";"1.00000"
"GO:0009179";"purine ribonucleoside diphosphate metabo...";10;1;2,48;"0.94277";"1.00000"
"GO:0009185";"ribonucleoside diphosphate metabolic pro...";10;1;2,48;"0.94277";"1.00000"
"GO:0015931";"nucleobase-containing compound transport";10;1;2,48;"0.94277";"0.94277"
"GO:0019725";"cellular homeostasis";10;1;2,48;"0.94277";"1.00000"
"GO:0044282";"small molecule catabolic process";10;1;2,48;"0.94277";"1.00000"
"GO:0046031";"ADP metabolic process";10;1;2,48;"0.94277";"1.00000"
"GO:0046939";"nucleotide phosphorylation";10;1;2,48;"0.94277";"1.00000"
"GO:0006753";"nucleoside phosphate metabolic process";78;14;19,38;"0.94492";"1.00000"
"GO:0034660";"ncRNA metabolic process";78;14;19,38;"0.94492";"1.00000"
"GO:0009117";"nucleotide metabolic process";69;12;17,14;"0.94877";"1.00000"
"GO:0009259";"ribonucleotide metabolic process";40;6;9,94;"0.95570";"1.00000"
"GO:0019693";"ribose phosphate metabolic process";40;6;9,94;"0.95570";"1.00000"
"GO:0006090";"pyruvate metabolic process";11;1;2,73;"0.95703";"1.00000"
"GO:0009132";"nucleoside diphosphate metabolic process";11;1;2,73;"0.95703";"1.00000"
"GO:0007017";"microtubule-based process";18;2;4,47;"0.95973";"1.00000"
"GO:0009064";"glutamine family amino acid metabolic pr...";18;2;4,47;"0.95973";"1.00000"
"GO:0009081";"branched-chain amino acid metabolic proc...";18;2;4,47;"0.95973";"1.00000"
"GO:0006418";"tRNA aminoacylation for protein translat...";36;5;8,94;"0.96505";"0.99796"
"GO:0006725";"cellular aromatic compound metabolic pro...";812;183;201,71;"0.96688";"0.00626"
"GO:0046488";"phosphatidylinositol metabolic process";12;1;2,98;"0.96775";"1.00000"
"GO:0043038";"amino acid activation";37;5;9,19;"0.97097";"1.00000"
"GO:0043039";"tRNA aminoacylation";37;5;9,19;"0.97097";"1.00000"
"GO:0044283";"small molecule biosynthetic process";103;18;25,59;"0.97336";"1.00000"
"GO:0051056";"regulation of small GTPase mediated sign...";20;2;4,97;"0.97517";"0.97517"
"GO:1902531";"regulation of intracellular signal trans...";20;2;4,97;"0.97517";"1.00000"
"GO:0000160";"phosphorelay signal transduction system";13;1;3,23;"0.97579";"0.97579"
"GO:0006650";"glycerophospholipid metabolic process";13;1;3,23;"0.97579";"1.00000"
"GO:0046486";"glycerolipid metabolic process";13;1;3,23;"0.97579";"1.00000"
"GO:0009150";"purine ribonucleotide metabolic process";38;5;9,44;"0.97595";"1.00000"
"GO:0019637";"organophosphate metabolic process";119;21;29,56;"0.97829";"1.00000"
"GO:0043687";"post-translational protein modification";21;2;5,22;"0.98056";"0.99674"
"GO:0006396";"RNA processing";86;14;21,36;"0.98061";"0.98904"
"GO:1901565";"organonitrogen compound catabolic proces...";86;14;21,36;"0.98061";"1.00000"
"GO:0009073";"aromatic amino acid family biosynthetic ...";14;1;3,48;"0.98183";"0.98183"
"GO:0006091";"generation of precursor metabolites and ...";34;4;8,45;"0.98289";"1.00000"
"GO:0006468";"protein phosphorylation";140;25;34,78;"0.98293";"0.98694"
"GO:0009260";"ribonucleotide biosynthetic process";28;3;6,96;"0.98301";"1.00000"
"GO:0046390";"ribose phosphate biosynthetic process";28;3;6,96;"0.98301";"1.00000"
"GO:0016053";"organic acid biosynthetic process";77;12;19,13;"0.98321";"1.00000"
"GO:0008652";"cellular amino acid biosynthetic process";51;7;12,67;"0.98338";"1.00000"
"GO:0046483";"heterocycle metabolic process";780;172;193,76;"0.98463";"1.00000"
"GO:0009966";"regulation of signal transduction";22;2;5,47;"0.98481";"1.00000"
"GO:0010646";"regulation of cell communication";22;2;5,47;"0.98481";"1.00000"
"GO:0023051";"regulation of signaling";22;2;5,47;"0.98481";"1.00000"
"GO:0050896";"response to stimulus";243;47;60,36;"0.98583";"1.00000"
"GO:0006163";"purine nucleotide metabolic process";41;5;10,18;"0.98652";"1.00000"
"GO:0008033";"tRNA processing";23;2;5,71;"0.98815";"1.00000"
"GO:1901293";"nucleoside phosphate biosynthetic proces...";53;7;13,17;"0.98834";"1.00000"
"GO:0009069";"serine family amino acid metabolic proce...";16;1;3,97;"0.98977";"1.00000"
"GO:0072521";"purine-containing compound metabolic pro...";43;5;10,68;"0.99094";"1.00000"
"GO:0006139";"nucleobase-containing compound metabolic...";727;157;180,6;"0.99177";"0.87710"
"GO:0006413";"translational initiation";17;1;4,22;"0.99232";"0.99232"
"GO:0006281";"DNA repair";62;8;15,4;"0.99376";"0.99997"
"GO:0009165";"nucleotide biosynthetic process";45;5;11,18;"0.99395";"0.95797"
"GO:1901360";"organic cyclic compound metabolic proces...";812;176;201,71;"0.99404";"1.00000"
"GO:0015980";"energy derivation by oxidation of organi...";18;1;4,47;"0.99424";"1.00000"
"GO:0009152";"purine ribonucleotide biosynthetic proce...";26;2;6,46;"0.99443";"1.00000"
"GO:0006974";"cellular response to DNA damage stimulus";63;8;15,65;"0.99479";"1.00000"
"GO:1901137";"carbohydrate derivative biosynthetic pro...";52;6;12,92;"0.99515";"1.00000"
"GO:0090304";"nucleic acid metabolic process";607;127;150,79;"0.99516";"1.00000"
"GO:0016043";"cellular component organization";80;11;19,87;"0.99535";"1.00000"
"GO:0016310";"phosphorylation";156;26;38,75;"0.99556";"1.00000"
"GO:0033554";"cellular response to stress";64;8;15,9;"0.99566";"1.00000"
"GO:0006913";"nucleocytoplasmic transport";19;1;4,72;"0.99568";"0.99568"
"GO:0051169";"nuclear transport";19;1;4,72;"0.99568";"1.00000"
"GO:0006399";"tRNA metabolic process";59;7;14,66;"0.99617";"1.00000"
"GO:1901605";"alpha-amino acid metabolic process";66;8;16,4;"0.99700";"1.00000"
"GO:0006164";"purine nucleotide biosynthetic process";29;2;7,2;"0.99741";"1.00000"
"GO:0009072";"aromatic amino acid family metabolic pro...";21;1;5,22;"0.99757";"1.00000"
"GO:0090407";"organophosphate biosynthetic process";79;10;19,62;"0.99783";"1.00000"
"GO:0072522";"purine-containing compound biosynthetic ...";30;2;7,45;"0.99800";"1.00000"
"GO:0007154";"cell communication";123;18;30,55;"0.99829";"0.59685"
"GO:0050790";"regulation of catalytic activity";93;12;23,1;"0.99872";"1.00000"
"GO:0065009";"regulation of molecular function";94;12;23,35;"0.99892";"1.00000"
"GO:0009057";"macromolecule catabolic process";73;8;18,13;"0.99921";"1.00000"
"GO:0006996";"organelle organization";49;4;12,17;"0.99937";"1.00000"
"GO:0007264";"small GTPase mediated signal transductio...";49;4;12,17;"0.99937";"0.99750"
"GO:0007165";"signal transduction";103;13;25,59;"0.99941";"0.80642"
"GO:0023052";"signaling";103;13;25,59;"0.99941";"1.00000"
"GO:0043086";"negative regulation of catalytic activit...";81;9;20,12;"0.99948";"0.68755"
"GO:0044092";"negative regulation of molecular functio...";81;9;20,12;"0.99948";"1.00000"
"GO:0019752";"carboxylic acid metabolic process";187;29;46,45;"0.99949";"0.33379"
"GO:0043436";"oxoacid metabolic process";187;29;46,45;"0.99949";"1.00000"
"GO:0044265";"cellular macromolecule catabolic process";50;4;12,42;"0.99950";"1.00000"
"GO:0009059";"macromolecule biosynthetic process";552;108;137,12;"0.99951";"0.91034"
"GO:0006082";"organic acid metabolic process";188;29;46,7;"0.99955";"1.00000"
"GO:0046034";"ATP metabolic process";27;1;6,71;"0.99957";"1.00000"
"GO:0006457";"protein folding";36;2;8,94;"0.99958";"0.99958"
"GO:0006793";"phosphorus metabolic process";286;49;71,05;"0.99961";"1.00000"
"GO:0006796";"phosphate-containing compound metabolic ...";286;49;71,05;"0.99961";"1.00000"
"GO:0043085";"positive regulation of catalytic activit...";77;8;19,13;"0.99964";"1.00000"
"GO:0044093";"positive regulation of molecular functio...";77;8;19,13;"0.99964";"1.00000"
"GO:0009144";"purine nucleoside triphosphate metabolic...";28;1;6,96;"0.99968";"1.00000"
"GO:0009199";"ribonucleoside triphosphate metabolic pr...";28;1;6,96;"0.99968";"1.00000"
"GO:0009205";"purine ribonucleoside triphosphate metab...";28;1;6,96;"0.99968";"1.00000"
"GO:0009141";"nucleoside triphosphate metabolic proces...";29;1;7,2;"0.99976";"1.00000"
"GO:0044271";"cellular nitrogen compound biosynthetic ...";623;122;154,76;"0.99979";"1.00000"
"GO:0006260";"DNA replication";39;2;9,69;"0.99981";"0.99981"
"GO:0071705";"nitrogen compound transport";159;22;39,5;"0.99984";"1.00000"
"GO:0006511";"ubiquitin-dependent protein catabolic pr...";41;2;10,18;"0.99989";"0.99999"
"GO:0019941";"modification-dependent protein catabolic...";41;2;10,18;"0.99989";"1.00000"
"GO:0043632";"modification-dependent macromolecule cat...";41;2;10,18;"0.99989";"1.00000"
"GO:0051603";"proteolysis involved in protein cataboli...";41;2;10,18;"0.99989";"1.00000"
"GO:0035556";"intracellular signal transduction";64;5;15,9;"0.99991";"1.00000"
"GO:0010467";"gene expression";611;117;151,78;"0.99992";"1.00000"
"GO:0036211";"protein modification process";259;40;64,34;"0.99995";"1.00000"
"GO:0071704";"organic substance metabolic process";1773;394;440,44;"0.99997";"1.00000"
"GO:0006520";"cellular amino acid metabolic process";149;18;37,01;"0.99998";"0.77736"
"GO:0051716";"cellular response to stimulus";167;21;41,49;"0.99998";"1.00000"
"GO:0006259";"DNA metabolic process";116;12;28,82;"0.99998";"1.00000"
"GO:0043412";"macromolecule modification";272;41;67,57;"0.99999";"1.00000"
"GO:0031396";"regulation of protein ubiquitination";74;5;18,38;"0.99999";"1.00000"
"GO:0031397";"negative regulation of protein ubiquitin...";74;5;18,38;"0.99999";"1.00000"
"GO:0031398";"positive regulation of protein ubiquitin...";74;5;18,38;"0.99999";"1.00000"
"GO:0031400";"negative regulation of protein modificat...";74;5;18,38;"0.99999";"1.00000"
"GO:0031401";"positive regulation of protein modificat...";74;5;18,38;"0.99999";"1.00000"
"GO:0051247";"positive regulation of protein metabolic...";74;5;18,38;"0.99999";"1.00000"
"GO:0051347";"positive regulation of transferase activ...";74;5;18,38;"0.99999";"1.00000"
"GO:0051348";"negative regulation of transferase activ...";74;5;18,38;"0.99999";"1.00000"
"GO:0051438";"regulation of ubiquitin-protein transfer...";74;5;18,38;"0.99999";"1.00000"
"GO:0051443";"positive regulation of ubiquitin-protein...";74;5;18,38;"0.99999";"0.99999"
"GO:0051444";"negative regulation of ubiquitin-protein...";74;5;18,38;"0.99999";"0.99999"
"GO:1903320";"regulation of protein modification by sm...";74;5;18,38;"0.99999";"1.00000"
"GO:1903321";"negative regulation of protein modificat...";74;5;18,38;"0.99999";"1.00000"
"GO:1903322";"positive regulation of protein modificat...";74;5;18,38;"0.99999";"1.00000"
"GO:0009893";"positive regulation of metabolic process";75;5;18,63;"0.99999";"1.00000"
"GO:0010604";"positive regulation of macromolecule met...";75;5;18,63;"0.99999";"1.00000"
"GO:0016567";"protein ubiquitination";75;5;18,63;"0.99999";"1.00000"
"GO:0032446";"protein modification by small protein co...";75;5;18,63;"0.99999";"1.00000"
"GO:0048518";"positive regulation of biological proces...";75;5;18,63;"0.99999";"1.00000"
"GO:0051173";"positive regulation of nitrogen compound...";75;5;18,63;"0.99999";"1.00000"
"GO:0051338";"regulation of transferase activity";75;5;18,63;"0.99999";"1.00000"
"GO:0070647";"protein modification by small protein co...";75;5;18,63;"0.99999";"1.00000"
"GO:0030163";"protein catabolic process";52;2;12,92;"0.99999";"1.00000"
"GO:0031399";"regulation of protein modification proce...";76;5;18,88;"0.99999";"1.00000"
"GO:0051248";"negative regulation of protein metabolic...";76;5;18,88;"0.99999";"1.00000"
"GO:0010605";"negative regulation of macromolecule met...";77;5;19,13;"1.00000";"1.00000"
"GO:0009892";"negative regulation of metabolic process";78;5;19,38;"1.00000";"1.00000"
"GO:0048519";"negative regulation of biological proces...";78;5;19,38;"1.00000";"1.00000"
"GO:0051172";"negative regulation of nitrogen compound...";78;5;19,38;"1.00000";"1.00000"
"GO:1901576";"organic substance biosynthetic process";770;146;191,28;"1.00000";"1.00000"
"GO:0044249";"cellular biosynthetic process";753;142;187,06;"1.00000";"1.00000"
"GO:0009058";"biosynthetic process";808;154;200,72;"1.00000";"0.79334"
"GO:0016192";"vesicle-mediated transport";57;2;14,16;"1.00000";"1.00000"
"GO:0051246";"regulation of protein metabolic process";83;5;20,62;"1.00000";"1.00000"
"GO:0034641";"cellular nitrogen compound metabolic pro...";926;178;230,03;"1.00000";"1.00000"
"GO:0044238";"primary metabolic process";1681;356;417,58;"1.00000";"1.00000"
"GO:0043603";"cellular amide metabolic process";200;17;49,68;"1.00000";"1.00000"
"GO:0006886";"intracellular protein transport";89;2;22,11;"1.00000";"1.00000"
"GO:0046907";"intracellular transport";100;2;24,84;"1.00000";"1.00000"
"GO:0051649";"establishment of localization in cell";100;2;24,84;"1.00000";"1.00000"
"GO:0044237";"cellular metabolic process";1436;276;356,72;"1.00000";"0.91392"
"GO:0043604";"amide biosynthetic process";181;11;44,96;"1.00000";"1.00000"
"GO:1901564";"organonitrogen compound metabolic proces...";912;152;226,55;"1.00000";"1.00000"
"GO:0034645";"cellular macromolecule biosynthetic proc...";197;12;48,94;"1.00000";"1.00000"
"GO:0015031";"protein transport";113;2;28,07;"1.00000";"1.00000"
"GO:0019538";"protein metabolic process";630;90;156,5;"1.00000";"0.62414"
"GO:0043043";"peptide biosynthetic process";177;9;43,97;"1.00000";"1.00000"
"GO:0045184";"establishment of protein localization";115;2;28,57;"1.00000";"1.00000"
"GO:0043170";"macromolecule metabolic process";1209;216;300,33;"1.00000";"1.00000"
"GO:0008104";"protein localization";118;2;29,31;"1.00000";"1.00000"
"GO:0070727";"cellular macromolecule localization";118;2;29,31;"1.00000";"1.00000"
"GO:0006518";"peptide metabolic process";182;9;45,21;"1.00000";"1.00000"
"GO:1901566";"organonitrogen compound biosynthetic pro...";351;35;87,19;"1.00000";"1.00000"
"GO:0006412";"translation";175;8;43,47;"1.00000";"1.00000"
"GO:0006807";"nitrogen compound metabolic process";1497;281;371,88;"1.00000";"0.30763"
"GO:0033036";"macromolecule localization";129;2;32,05;"1.00000";"1.00000"
"GO:0051641";"cellular localization";129;2;32,05;"1.00000";"1.00000"
"GO:0008150";"biological_process";2995;744;744;"1.00000";"1.00000"
"GO:0009987";"cellular process";1765;311;438,45;"1.00000";"1.00000"
"GO:0044260";"cellular macromolecule metabolic process";362;28;89,93;"1.00000";"1.00000"
"GO:0000002";"mitochondrial genome maintenance";1;0;0,25;"1.00000";"1.00000"
"GO:0000003";"reproduction";1;0;0,25;"1.00000";"1.00000"
"GO:0000045";"autophagosome assembly";1;0;0,25;"1.00000";"1.00000"
"GO:0000070";"mitotic sister chromatid segregation";2;0;0,5;"1.00000";"1.00000"
"GO:0000079";"regulation of cyclin-dependent protein s...";1;0;0,25;"1.00000";"1.00000"
"GO:0000103";"sulfate assimilation";3;0;0,75;"1.00000";"1.00000"
"GO:0000105";"histidine biosynthetic process";6;0;1,49;"1.00000";"1.00000"
"GO:0000154";"rRNA modification";2;0;0,5;"1.00000";"1.00000"
"GO:0000162";"tryptophan biosynthetic process";2;0;0,5;"1.00000";"1.00000"
"GO:0000226";"microtubule cytoskeleton organization";5;0;1,24;"1.00000";"1.00000"
"GO:0000245";"spliceosomal complex assembly";1;0;0,25;"1.00000";"1.00000"
"GO:0000255";"allantoin metabolic process";1;0;0,25;"1.00000";"1.00000"
"GO:0000256";"allantoin catabolic process";1;0;0,25;"1.00000";"1.00000"
"GO:0000278";"mitotic cell cycle";2;0;0,5;"1.00000";"1.00000"
"GO:0000280";"nuclear division";3;0;0,75;"1.00000";"1.00000"
"GO:0000288";"nuclear-transcribed mRNA catabolic proce...";1;0;0,25;"1.00000";"1.00000"
"GO:0000290";"deadenylation-dependent decapping of nuc...";1;0;0,25;"1.00000";"1.00000"
"GO:0000302";"response to reactive oxygen species";1;0;0,25;"1.00000";"1.00000"
"GO:0000303";"response to superoxide";1;0;0,25;"1.00000";"1.00000"
"GO:0000305";"response to oxygen radical";1;0;0,25;"1.00000";"1.00000"
"GO:0000375";"RNA splicing, via transesterification re...";4;0;0,99;"1.00000";"1.00000"
"GO:0000377";"RNA splicing, via transesterification re...";4;0;0,99;"1.00000";"1.00000"
"GO:0000398";"mRNA splicing, via spliceosome";4;0;0,99;"1.00000";"1.00000"
"GO:0000723";"telomere maintenance";3;0;0,75;"1.00000";"1.00000"
"GO:0000819";"sister chromatid segregation";2;0;0,5;"1.00000";"1.00000"
"GO:0000956";"nuclear-transcribed mRNA catabolic proce...";1;0;0,25;"1.00000";"1.00000"
"GO:0000966";"RNA 5'-end processing";1;0;0,25;"1.00000";"1.00000"
"GO:0001522";"pseudouridine synthesis";5;0;1,24;"1.00000";"1.00000"
"GO:0001682";"tRNA 5'-leader removal";1;0;0,25;"1.00000";"1.00000"
"GO:0001932";"regulation of protein phosphorylation";1;0;0,25;"1.00000";"1.00000"
"GO:0002181";"cytoplasmic translation";1;0;0,25;"1.00000";"1.00000"
"GO:0002182";"cytoplasmic translational elongation";1;0;0,25;"1.00000";"1.00000"
"GO:0003008";"system process";1;0;0,25;"1.00000";"1.00000"
"GO:0005993";"trehalose catabolic process";1;0;0,25;"1.00000";"1.00000"
"GO:0006007";"glucose catabolic process";1;0;0,25;"1.00000";"1.00000"
"GO:0006012";"galactose metabolic process";3;0;0,75;"1.00000";"1.00000"
"GO:0006013";"mannose metabolic process";2;0;0,5;"1.00000";"1.00000"
"GO:0006014";"D-ribose metabolic process";1;0;0,25;"1.00000";"1.00000"
"GO:0006020";"inositol metabolic process";1;0;0,25;"1.00000";"1.00000"
"GO:0006021";"inositol biosynthetic process";1;0;0,25;"1.00000";"1.00000"
"GO:0006023";"aminoglycan biosynthetic process";3;0;0,75;"1.00000";"1.00000"
"GO:0006031";"chitin biosynthetic process";3;0;0,75;"1.00000";"1.00000"
"GO:0006071";"glycerol metabolic process";3;0;0,75;"1.00000";"1.00000"
"GO:0006074";"(1->3)-beta-D-glucan metabolic process";1;0;0,25;"1.00000";"1.00000"
"GO:0006075";"(1->3)-beta-D-glucan biosynthetic proces...";1;0;0,25;"1.00000";"1.00000"
"GO:0006099";"tricarboxylic acid cycle";9;0;2,24;"1.00000";"1.00000"
"GO:0006106";"fumarate metabolic process";1;0;0,25;"1.00000";"1.00000"
"GO:0006119";"oxidative phosphorylation";6;0;1,49;"1.00000";"1.00000"
"GO:0006120";"mitochondrial electron transport, NADH t...";3;0;0,75;"1.00000";"1.00000"
"GO:0006122";"mitochondrial electron transport, ubiqui...";2;0;0,5;"1.00000";"1.00000"
"GO:0006140";"regulation of nucleotide metabolic proce...";1;0;0,25;"1.00000";"1.00000"
"GO:0006144";"purine nucleobase metabolic process";3;0;0,75;"1.00000";"1.00000"
"GO:0006168";"adenine salvage";1;0;0,25;"1.00000";"1.00000"
"GO:0006183";"GTP biosynthetic process";1;0;0,25;"1.00000";"1.00000"
"GO:0006213";"pyrimidine nucleoside metabolic process";1;0;0,25;"1.00000";"1.00000"
"GO:0006228";"UTP biosynthetic process";1;0;0,25;"1.00000";"1.00000"
"GO:0006231";"dTMP biosynthetic process";1;0;0,25;"1.00000";"1.00000"
"GO:0006241";"CTP biosynthetic process";1;0;0,25;"1.00000";"1.00000"
"GO:0006261";"DNA-templated DNA replication";12;0;2,98;"1.00000";"1.00000"
"GO:0006265";"DNA topological change";4;0;0,99;"1.00000";"1.00000"
"GO:0006268";"DNA unwinding involved in DNA replicatio...";2;0;0,5;"1.00000";"1.00000"
"GO:0006269";"DNA replication, synthesis of RNA primer";2;0;0,5;"1.00000";"1.00000"
"GO:0006270";"DNA replication initiation";7;0;1,74;"1.00000";"1.00000"
"GO:0006275";"regulation of DNA replication";2;0;0,5;"1.00000";"1.00000"
"GO:0006278";"RNA-templated DNA biosynthetic process";1;0;0,25;"1.00000";"1.00000"
"GO:0006298";"mismatch repair";8;0;1,99;"1.00000";"1.00000"
"GO:0006308";"DNA catabolic process";2;0;0,5;"1.00000";"1.00000"
"GO:0006352";"DNA-templated transcription initiation";14;0;3,48;"1.00000";"1.00000"
"GO:0006354";"DNA-templated transcription elongation";1;0;0,25;"1.00000";"1.00000"
"GO:0006357";"regulation of transcription by RNA polym...";3;0;0,75;"1.00000";"1.00000"
"GO:0006366";"transcription by RNA polymerase II";11;0;2,73;"1.00000";"1.00000"
"GO:0006367";"transcription initiation at RNA polymera...";7;0;1,74;"1.00000";"1.00000"
"GO:0006370";"7-methylguanosine mRNA capping";3;0;0,75;"1.00000";"1.00000"
"GO:0006379";"mRNA cleavage";1;0;0,25;"1.00000";"1.00000"
"GO:0006383";"transcription by RNA polymerase III";1;0;0,25;"1.00000";"1.00000"
"GO:0006397";"mRNA processing";16;0;3,97;"1.00000";"1.00000"
"GO:0006400";"tRNA modification";5;0;1,24;"1.00000";"1.00000"
"GO:0006401";"RNA catabolic process";1;0;0,25;"1.00000";"1.00000"
"GO:0006402";"mRNA catabolic process";1;0;0,25;"1.00000";"1.00000"
"GO:0006403";"RNA localization";4;0;0,99;"1.00000";"1.00000"
"GO:0006405";"RNA export from nucleus";1;0;0,25;"1.00000";"1.00000"
"GO:0006406";"mRNA export from nucleus";1;0;0,25;"1.00000";"1.00000"
"GO:0006414";"translational elongation";7;0;1,74;"1.00000";"1.00000"
"GO:0006417";"regulation of translation";6;0;1,49;"1.00000";"1.00000"
"GO:0006419";"alanyl-tRNA aminoacylation";1;0;0,25;"1.00000";"1.00000"
"GO:0006420";"arginyl-tRNA aminoacylation";1;0;0,25;"1.00000";"1.00000"
"GO:0006421";"asparaginyl-tRNA aminoacylation";2;0;0,5;"1.00000";"1.00000"
"GO:0006423";"cysteinyl-tRNA aminoacylation";1;0;0,25;"1.00000";"1.00000"
"GO:0006424";"glutamyl-tRNA aminoacylation";2;0;0,5;"1.00000";"1.00000"
"GO:0006425";"glutaminyl-tRNA aminoacylation";1;0;0,25;"1.00000";"1.00000"
"GO:0006426";"glycyl-tRNA aminoacylation";1;0;0,25;"1.00000";"1.00000"
"GO:0006427";"histidyl-tRNA aminoacylation";1;0;0,25;"1.00000";"1.00000"
"GO:0006428";"isoleucyl-tRNA aminoacylation";2;0;0,5;"1.00000";"1.00000"
"GO:0006430";"lysyl-tRNA aminoacylation";1;0;0,25;"1.00000";"1.00000"
"GO:0006431";"methionyl-tRNA aminoacylation";2;0;0,5;"1.00000";"1.00000"
"GO:0006432";"phenylalanyl-tRNA aminoacylation";3;0;0,75;"1.00000";"1.00000"
"GO:0006433";"prolyl-tRNA aminoacylation";1;0;0,25;"1.00000";"1.00000"
"GO:0006435";"threonyl-tRNA aminoacylation";2;0;0,5;"1.00000";"1.00000"
"GO:0006436";"tryptophanyl-tRNA aminoacylation";2;0;0,5;"1.00000";"1.00000"
"GO:0006437";"tyrosyl-tRNA aminoacylation";2;0;0,5;"1.00000";"1.00000"
"GO:0006438";"valyl-tRNA aminoacylation";1;0;0,25;"1.00000";"1.00000"
"GO:0006446";"regulation of translational initiation";3;0;0,75;"1.00000";"1.00000"
"GO:0006448";"regulation of translational elongation";2;0;0,5;"1.00000";"1.00000"
"GO:0006465";"signal peptide processing";4;0;0,99;"1.00000";"1.00000"
"GO:0006493";"protein O-linked glycosylation";3;0;0,75;"1.00000";"1.00000"
"GO:0006516";"glycoprotein catabolic process";3;0;0,75;"1.00000";"1.00000"
"GO:0006528";"asparagine metabolic process";2;0;0,5;"1.00000";"1.00000"
"GO:0006529";"asparagine biosynthetic process";2;0;0,5;"1.00000";"1.00000"
"GO:0006534";"cysteine metabolic process";7;0;1,74;"1.00000";"1.00000"
"GO:0006535";"cysteine biosynthetic process from serin...";4;0;0,99;"1.00000";"1.00000"
"GO:0006541";"glutamine metabolic process";2;0;0,5;"1.00000";"1.00000"
"GO:0006542";"glutamine biosynthetic process";2;0;0,5;"1.00000";"1.00000"
"GO:0006544";"glycine metabolic process";7;0;1,74;"1.00000";"1.00000"
"GO:0006545";"glycine biosynthetic process";1;0;0,25;"1.00000";"1.00000"
"GO:0006546";"glycine catabolic process";3;0;0,75;"1.00000";"1.00000"
"GO:0006547";"histidine metabolic process";6;0;1,49;"1.00000";"1.00000"
"GO:0006549";"isoleucine metabolic process";1;0;0,25;"1.00000";"1.00000"
"GO:0006558";"L-phenylalanine metabolic process";2;0;0,5;"1.00000";"1.00000"
"GO:0006559";"L-phenylalanine catabolic process";1;0;0,25;"1.00000";"1.00000"
"GO:0006561";"proline biosynthetic process";5;0;1,24;"1.00000";"1.00000"
"GO:0006566";"threonine metabolic process";4;0;0,99;"1.00000";"1.00000"
"GO:0006568";"tryptophan metabolic process";5;0;1,24;"1.00000";"1.00000"
"GO:0006569";"tryptophan catabolic process";1;0;0,25;"1.00000";"1.00000"
"GO:0006570";"tyrosine metabolic process";2;0;0,5;"1.00000";"1.00000"
"GO:0006571";"tyrosine biosynthetic process";1;0;0,25;"1.00000";"1.00000"
"GO:0006576";"cellular biogenic amine metabolic proces...";6;0;1,49;"1.00000";"1.00000"
"GO:0006577";"amino-acid betaine metabolic process";1;0;0,25;"1.00000";"1.00000"
"GO:0006578";"amino-acid betaine biosynthetic process";1;0;0,25;"1.00000";"1.00000"
"GO:0006586";"indolalkylamine metabolic process";5;0;1,24;"1.00000";"1.00000"
"GO:0006591";"ornithine metabolic process";1;0;0,25;"1.00000";"1.00000"
"GO:0006595";"polyamine metabolic process";1;0;0,25;"1.00000";"1.00000"
"GO:0006596";"polyamine biosynthetic process";1;0;0,25;"1.00000";"1.00000"
"GO:0006597";"spermine biosynthetic process";1;0;0,25;"1.00000";"1.00000"
"GO:0006605";"protein targeting";12;0;2,98;"1.00000";"1.00000"
"GO:0006606";"protein import into nucleus";2;0;0,5;"1.00000";"1.00000"
"GO:0006612";"protein targeting to membrane";5;0;1,24;"1.00000";"1.00000"
"GO:0006613";"cotranslational protein targeting to mem...";5;0;1,24;"1.00000";"1.00000"
"GO:0006614";"SRP-dependent cotranslational protein ta...";5;0;1,24;"1.00000";"1.00000"
"GO:0006621";"protein retention in ER lumen";2;0;0,5;"1.00000";"1.00000"
"GO:0006625";"protein targeting to peroxisome";1;0;0,25;"1.00000";"1.00000"
"GO:0006626";"protein targeting to mitochondrion";4;0;0,99;"1.00000";"1.00000"
"GO:0006662";"glycerol ether metabolic process";1;0;0,25;"1.00000";"1.00000"
"GO:0006684";"sphingomyelin metabolic process";1;0;0,25;"1.00000";"1.00000"
"GO:0006685";"sphingomyelin catabolic process";1;0;0,25;"1.00000";"1.00000"
"GO:0006690";"icosanoid metabolic process";1;0;0,25;"1.00000";"1.00000"
"GO:0006691";"leukotriene metabolic process";1;0;0,25;"1.00000";"1.00000"
"GO:0006694";"steroid biosynthetic process";5;0;1,24;"1.00000";"1.00000"
"GO:0006695";"cholesterol biosynthetic process";1;0;0,25;"1.00000";"1.00000"
"GO:0006696";"ergosterol biosynthetic process";1;0;0,25;"1.00000";"1.00000"
"GO:0006754";"ATP biosynthetic process";17;0;4,22;"1.00000";"1.00000"
"GO:0006777";"Mo-molybdopterin cofactor biosynthetic p...";4;0;0,99;"1.00000";"1.00000"
"GO:0006783";"heme biosynthetic process";3;0;0,75;"1.00000";"1.00000"
"GO:0006813";"potassium ion transport";2;0;0,5;"1.00000";"1.00000"
"GO:0006814";"sodium ion transport";3;0;0,75;"1.00000";"1.00000"
"GO:0006821";"chloride transport";3;0;0,75;"1.00000";"1.00000"
"GO:0006839";"mitochondrial transport";4;0;0,99;"1.00000";"1.00000"
"GO:0006869";"lipid transport";7;0;1,74;"1.00000";"1.00000"
"GO:0006873";"cellular ion homeostasis";1;0;0,25;"1.00000";"1.00000"
"GO:0006875";"cellular metal ion homeostasis";1;0;0,25;"1.00000";"1.00000"
"GO:0006878";"cellular copper ion homeostasis";1;0;0,25;"1.00000";"1.00000"
"GO:0006887";"exocytosis";10;0;2,48;"1.00000";"1.00000"
"GO:0006888";"endoplasmic reticulum to Golgi vesicle-m...";7;0;1,74;"1.00000";"1.00000"
"GO:0006890";"retrograde vesicle-mediated transport, G...";1;0;0,25;"1.00000";"1.00000"
"GO:0006891";"intra-Golgi vesicle-mediated transport";1;0;0,25;"1.00000";"1.00000"
"GO:0006897";"endocytosis";1;0;0,25;"1.00000";"1.00000"
"GO:0006904";"vesicle docking involved in exocytosis";7;0;1,74;"1.00000";"1.00000"
"GO:0006906";"vesicle fusion";1;0;0,25;"1.00000";"1.00000"
"GO:0007004";"telomere maintenance via telomerase";1;0;0,25;"1.00000";"1.00000"
"GO:0007005";"mitochondrion organization";6;0;1,49;"1.00000";"1.00000"
"GO:0007006";"mitochondrial membrane organization";4;0;0,99;"1.00000";"1.00000"
"GO:0007007";"inner mitochondrial membrane organizatio...";4;0;0,99;"1.00000";"1.00000"
"GO:0007010";"cytoskeleton organization";14;0;3,48;"1.00000";"1.00000"
"GO:0007015";"actin filament organization";4;0;0,99;"1.00000";"1.00000"
"GO:0007021";"tubulin complex assembly";1;0;0,25;"1.00000";"1.00000"
"GO:0007030";"Golgi organization";1;0;0,25;"1.00000";"1.00000"
"GO:0007059";"chromosome segregation";3;0;0,75;"1.00000";"1.00000"
"GO:0007091";"metaphase/anaphase transition of mitotic...";2;0;0,5;"1.00000";"1.00000"
"GO:0007265";"Ras protein signal transduction";11;0;2,73;"1.00000";"1.00000"
"GO:0007266";"Rho protein signal transduction";6;0;1,49;"1.00000";"1.00000"
"GO:0007346";"regulation of mitotic cell cycle";2;0;0,5;"1.00000";"1.00000"
"GO:0007600";"sensory perception";1;0;0,25;"1.00000";"1.00000"
"GO:0008064";"regulation of actin polymerization or de...";3;0;0,75;"1.00000";"1.00000"
"GO:0008154";"actin polymerization or depolymerization";4;0;0,99;"1.00000";"1.00000"
"GO:0008156";"negative regulation of DNA replication";1;0;0,25;"1.00000";"1.00000"
"GO:0008203";"cholesterol metabolic process";1;0;0,25;"1.00000";"1.00000"
"GO:0008204";"ergosterol metabolic process";1;0;0,25;"1.00000";"1.00000"
"GO:0008215";"spermine metabolic process";1;0;0,25;"1.00000";"1.00000"
"GO:0008216";"spermidine metabolic process";1;0;0,25;"1.00000";"1.00000"
"GO:0008283";"cell population proliferation";2;0;0,5;"1.00000";"1.00000"
"GO:0008295";"spermidine biosynthetic process";1;0;0,25;"1.00000";"1.00000"
"GO:0008535";"respiratory chain complex IV assembly";1;0;0,25;"1.00000";"1.00000"
"GO:0008612";"peptidyl-lysine modification to peptidyl...";1;0;0,25;"1.00000";"1.00000"
"GO:0008616";"queuosine biosynthetic process";2;0;0,5;"1.00000";"1.00000"
"GO:0009052";"pentose-phosphate shunt, non-oxidative b...";1;0;0,25;"1.00000";"1.00000"
"GO:0009060";"aerobic respiration";15;0;3,73;"1.00000";"1.00000"
"GO:0009062";"fatty acid catabolic process";1;0;0,25;"1.00000";"1.00000"
"GO:0009071";"serine family amino acid catabolic proce...";3;0;0,75;"1.00000";"1.00000"
"GO:0009074";"aromatic amino acid family catabolic pro...";2;0;0,5;"1.00000";"1.00000"
"GO:0009088";"threonine biosynthetic process";3;0;0,75;"1.00000";"1.00000"
"GO:0009094";"L-phenylalanine biosynthetic process";1;0;0,25;"1.00000";"1.00000"
"GO:0009095";"aromatic amino acid family biosynthetic ...";2;0;0,5;"1.00000";"1.00000"
"GO:0009097";"isoleucine biosynthetic process";1;0;0,25;"1.00000";"1.00000"
"GO:0009106";"lipoate metabolic process";1;0;0,25;"1.00000";"1.00000"
"GO:0009107";"lipoate biosynthetic process";1;0;0,25;"1.00000";"1.00000"
"GO:0009113";"purine nucleobase biosynthetic process";2;0;0,5;"1.00000";"1.00000"
"GO:0009119";"ribonucleoside metabolic process";3;0;0,75;"1.00000";"1.00000"
"GO:0009142";"nucleoside triphosphate biosynthetic pro...";18;0;4,47;"1.00000";"1.00000"
"GO:0009145";"purine nucleoside triphosphate biosynthe...";18;0;4,47;"1.00000";"1.00000"
"GO:0009147";"pyrimidine nucleoside triphosphate metab...";2;0;0,5;"1.00000";"1.00000"
"GO:0009148";"pyrimidine nucleoside triphosphate biosy...";1;0;0,25;"1.00000";"1.00000"
"GO:0009157";"deoxyribonucleoside monophosphate biosyn...";1;0;0,25;"1.00000";"1.00000"
"GO:0009162";"deoxyribonucleoside monophosphate metabo...";1;0;0,25;"1.00000";"1.00000"
"GO:0009163";"nucleoside biosynthetic process";2;0;0,5;"1.00000";"1.00000"
"GO:0009176";"pyrimidine deoxyribonucleoside monophosp...";1;0;0,25;"1.00000";"1.00000"
"GO:0009177";"pyrimidine deoxyribonucleoside monophosp...";1;0;0,25;"1.00000";"1.00000"
"GO:0009186";"deoxyribonucleoside diphosphate metaboli...";1;0;0,25;"1.00000";"1.00000"
"GO:0009190";"cyclic nucleotide biosynthetic process";1;0;0,25;"1.00000";"1.00000"
"GO:0009201";"ribonucleoside triphosphate biosynthetic...";18;0;4,47;"1.00000";"1.00000"
"GO:0009206";"purine ribonucleoside triphosphate biosy...";18;0;4,47;"1.00000";"1.00000"
"GO:0009208";"pyrimidine ribonucleoside triphosphate m...";1;0;0,25;"1.00000";"1.00000"
"GO:0009209";"pyrimidine ribonucleoside triphosphate b...";1;0;0,25;"1.00000";"1.00000"
"GO:0009211";"pyrimidine deoxyribonucleoside triphosph...";1;0;0,25;"1.00000";"1.00000"
"GO:0009219";"pyrimidine deoxyribonucleotide metabolic...";2;0;0,5;"1.00000";"1.00000"
"GO:0009221";"pyrimidine deoxyribonucleotide biosynthe...";1;0;0,25;"1.00000";"1.00000"
"GO:0009229";"thiamine diphosphate biosynthetic proces...";1;0;0,25;"1.00000";"1.00000"
"GO:0009262";"deoxyribonucleotide metabolic process";2;0;0,5;"1.00000";"1.00000"
"GO:0009263";"deoxyribonucleotide biosynthetic process";1;0;0,25;"1.00000";"1.00000"
"GO:0009265";"2'-deoxyribonucleotide biosynthetic proc...";1;0;0,25;"1.00000";"1.00000"
"GO:0009306";"protein secretion";1;0;0,25;"1.00000";"1.00000"
"GO:0009309";"amine biosynthetic process";3;0;0,75;"1.00000";"1.00000"
"GO:0009313";"oligosaccharide catabolic process";1;0;0,25;"1.00000";"1.00000"
"GO:0009394";"2'-deoxyribonucleotide metabolic process";2;0;0,5;"1.00000";"1.00000"
"GO:0009435";"NAD biosynthetic process";6;0;1,49;"1.00000";"1.00000"
"GO:0009437";"carnitine metabolic process";1;0;0,25;"1.00000";"1.00000"
"GO:0009451";"RNA modification";9;0;2,24;"1.00000";"1.00000"
"GO:0009452";"7-methylguanosine RNA capping";3;0;0,75;"1.00000";"1.00000"
"GO:0009607";"response to biotic stimulus";1;0;0,25;"1.00000";"1.00000"
"GO:0009890";"negative regulation of biosynthetic proc...";2;0;0,5;"1.00000";"1.00000"
"GO:0009894";"regulation of catabolic process";2;0;0,5;"1.00000";"1.00000"
"GO:0009896";"positive regulation of catabolic process";1;0;0,25;"1.00000";"1.00000"
"GO:0010035";"response to inorganic substance";1;0;0,25;"1.00000";"1.00000"
"GO:0010256";"endomembrane system organization";1;0;0,25;"1.00000";"1.00000"
"GO:0010558";"negative regulation of macromolecule bio...";2;0;0,5;"1.00000";"1.00000"
"GO:0010563";"negative regulation of phosphorus metabo...";1;0;0,25;"1.00000";"1.00000"
"GO:0010564";"regulation of cell cycle process";2;0;0,5;"1.00000";"1.00000"
"GO:0010608";"post-transcriptional regulation of gene ...";6;0;1,49;"1.00000";"1.00000"
"GO:0010629";"negative regulation of gene expression";2;0;0,5;"1.00000";"1.00000"
"GO:0010833";"telomere maintenance via telomere length...";1;0;0,25;"1.00000";"1.00000"
"GO:0010876";"lipid localization";7;0;1,74;"1.00000";"1.00000"
"GO:0010921";"regulation of phosphatase activity";1;0;0,25;"1.00000";"1.00000"
"GO:0010965";"regulation of mitotic sister chromatid s...";2;0;0,5;"1.00000";"1.00000"
"GO:0015748";"organophosphate ester transport";5;0;1,24;"1.00000";"1.00000"
"GO:0015780";"nucleotide-sugar transmembrane transport";3;0;0,75;"1.00000";"1.00000"
"GO:0015914";"phospholipid transport";5;0;1,24;"1.00000";"1.00000"
"GO:0015919";"peroxisomal membrane transport";1;0;0,25;"1.00000";"1.00000"
"GO:0015937";"coenzyme A biosynthetic process";1;0;0,25;"1.00000";"1.00000"
"GO:0015976";"carbon utilization";7;0;1,74;"1.00000";"1.00000"
"GO:0015986";"proton motive force-driven ATP synthesis";17;0;4,22;"1.00000";"1.00000"
"GO:0015988";"energy coupled proton transmembrane tran...";1;0;0,25;"1.00000";"1.00000"
"GO:0016032";"viral process";1;0;0,25;"1.00000";"1.00000"
"GO:0016050";"vesicle organization";1;0;0,25;"1.00000";"1.00000"
"GO:0016071";"mRNA metabolic process";35;0;8,69;"1.00000";"1.00000"
"GO:0016126";"sterol biosynthetic process";2;0;0,5;"1.00000";"1.00000"
"GO:0016128";"phytosteroid metabolic process";1;0;0,25;"1.00000";"1.00000"
"GO:0016129";"phytosteroid biosynthetic process";1;0;0,25;"1.00000";"1.00000"
"GO:0016197";"endosomal transport";1;0;0,25;"1.00000";"1.00000"
"GO:0016236";"macroautophagy";1;0;0,25;"1.00000";"1.00000"
"GO:0016482";"cytosolic transport";1;0;0,25;"1.00000";"1.00000"
"GO:0016485";"protein processing";4;0;0,99;"1.00000";"1.00000"
"GO:0016558";"protein import into peroxisome matrix";1;0;0,25;"1.00000";"1.00000"
"GO:0016560";"protein import into peroxisome matrix, d...";1;0;0,25;"1.00000";"1.00000"
"GO:0016570";"histone modification";1;0;0,25;"1.00000";"1.00000"
"GO:0016575";"histone deacetylation";1;0;0,25;"1.00000";"1.00000"
"GO:0016598";"protein arginylation";1;0;0,25;"1.00000";"1.00000"
"GO:0016973";"poly(A)+ mRNA export from nucleus";1;0;0,25;"1.00000";"1.00000"
"GO:0017004";"cytochrome complex assembly";1;0;0,25;"1.00000";"1.00000"
"GO:0017148";"negative regulation of translation";2;0;0,5;"1.00000";"1.00000"
"GO:0017182";"peptidyl-diphthamide metabolic process";1;0;0,25;"1.00000";"1.00000"
"GO:0017183";"peptidyl-diphthamide biosynthetic proces...";1;0;0,25;"1.00000";"1.00000"
"GO:0018196";"peptidyl-asparagine modification";2;0;0,5;"1.00000";"1.00000"
"GO:0018205";"peptidyl-lysine modification";1;0;0,25;"1.00000";"1.00000"
"GO:0018279";"protein N-linked glycosylation via aspar...";2;0;0,5;"1.00000";"1.00000"
"GO:0018904";"ether metabolic process";1;0;0,25;"1.00000";"1.00000"
"GO:0019058";"viral life cycle";1;0;0,25;"1.00000";"1.00000"
"GO:0019079";"viral genome replication";1;0;0,25;"1.00000";"1.00000"
"GO:0019220";"regulation of phosphate metabolic proces...";3;0;0,75;"1.00000";"1.00000"
"GO:0019307";"mannose biosynthetic process";1;0;0,25;"1.00000";"1.00000"
"GO:0019320";"hexose catabolic process";1;0;0,25;"1.00000";"1.00000"
"GO:0019343";"cysteine biosynthetic process via cystat...";1;0;0,25;"1.00000";"1.00000"
"GO:0019344";"cysteine biosynthetic process";5;0;1,24;"1.00000";"1.00000"
"GO:0019354";"siroheme biosynthetic process";1;0;0,25;"1.00000";"1.00000"
"GO:0019359";"nicotinamide nucleotide biosynthetic pro...";6;0;1,49;"1.00000";"1.00000"
"GO:0019363";"pyridine nucleotide biosynthetic process";6;0;1,49;"1.00000";"1.00000"
"GO:0019370";"leukotriene biosynthetic process";1;0;0,25;"1.00000";"1.00000"
"GO:0019379";"sulfate assimilation, phosphoadenylyl su...";1;0;0,25;"1.00000";"1.00000"
"GO:0019400";"alditol metabolic process";3;0;0,75;"1.00000";"1.00000"
"GO:0019419";"sulfate reduction";1;0;0,25;"1.00000";"1.00000"
"GO:0019430";"removal of superoxide radicals";1;0;0,25;"1.00000";"1.00000"
"GO:0019478";"D-amino acid catabolic process";1;0;0,25;"1.00000";"1.00000"
"GO:0019541";"propionate metabolic process";1;0;0,25;"1.00000";"1.00000"
"GO:0019543";"propionate catabolic process";1;0;0,25;"1.00000";"1.00000"
"GO:0019626";"short-chain fatty acid catabolic process";1;0;0,25;"1.00000";"1.00000"
"GO:0019629";"propionate catabolic process, 2-methylci...";1;0;0,25;"1.00000";"1.00000"
"GO:0019646";"aerobic electron transport chain";5;0;1,24;"1.00000";"1.00000"
"GO:0019692";"deoxyribose phosphate metabolic process";2;0;0,5;"1.00000";"1.00000"
"GO:0019720";"Mo-molybdopterin cofactor metabolic proc...";4;0;0,99;"1.00000";"1.00000"
"GO:0019722";"calcium-mediated signaling";1;0;0,25;"1.00000";"1.00000"
"GO:0019751";"polyol metabolic process";4;0;0,99;"1.00000";"1.00000"
"GO:0019932";"second-messenger-mediated signaling";1;0;0,25;"1.00000";"1.00000"
"GO:0022402";"cell cycle process";3;0;0,75;"1.00000";"1.00000"
"GO:0022406";"membrane docking";9;0;2,24;"1.00000";"1.00000"
"GO:0022414";"reproductive process";1;0;0,25;"1.00000";"1.00000"
"GO:0022618";"ribonucleoprotein complex assembly";1;0;0,25;"1.00000";"1.00000"
"GO:0022900";"electron transport chain";6;0;1,49;"1.00000";"1.00000"
"GO:0022904";"respiratory electron transport chain";6;0;1,49;"1.00000";"1.00000"
"GO:0030003";"cellular cation homeostasis";1;0;0,25;"1.00000";"1.00000"
"GO:0030029";"actin filament-based process";8;0;1,99;"1.00000";"1.00000"
"GO:0030036";"actin cytoskeleton organization";8;0;1,99;"1.00000";"1.00000"
"GO:0030041";"actin filament polymerization";4;0;0,99;"1.00000";"1.00000"
"GO:0030071";"regulation of mitotic metaphase/anaphase...";2;0;0,5;"1.00000";"1.00000"
"GO:0030149";"sphingolipid catabolic process";1;0;0,25;"1.00000";"1.00000"
"GO:0030832";"regulation of actin filament length";3;0;0,75;"1.00000";"1.00000"
"GO:0030833";"regulation of actin filament polymerizat...";3;0;0,75;"1.00000";"1.00000"
"GO:0031119";"tRNA pseudouridine synthesis";3;0;0,75;"1.00000";"1.00000"
"GO:0031324";"negative regulation of cellular metaboli...";4;0;0,99;"1.00000";"1.00000"
"GO:0031325";"positive regulation of cellular metaboli...";1;0;0,25;"1.00000";"1.00000"
"GO:0031327";"negative regulation of cellular biosynth...";2;0;0,5;"1.00000";"1.00000"
"GO:0031329";"regulation of cellular catabolic process";1;0;0,25;"1.00000";"1.00000"
"GO:0031331";"positive regulation of cellular cataboli...";1;0;0,25;"1.00000";"1.00000"
"GO:0032011";"ARF protein signal transduction";5;0;1,24;"1.00000";"1.00000"
"GO:0032012";"regulation of ARF protein signal transdu...";5;0;1,24;"1.00000";"1.00000"
"GO:0032200";"telomere organization";3;0;0,75;"1.00000";"1.00000"
"GO:0032271";"regulation of protein polymerization";3;0;0,75;"1.00000";"1.00000"
"GO:0032392";"DNA geometric change";2;0;0,5;"1.00000";"1.00000"
"GO:0032507";"maintenance of protein location in cell";2;0;0,5;"1.00000";"1.00000"
"GO:0032508";"DNA duplex unwinding";2;0;0,5;"1.00000";"1.00000"
"GO:0032535";"regulation of cellular component size";3;0;0,75;"1.00000";"1.00000"
"GO:0032940";"secretion by cell";11;0;2,73;"1.00000";"1.00000"
"GO:0032956";"regulation of actin cytoskeleton organiz...";3;0;0,75;"1.00000";"1.00000"
"GO:0032970";"regulation of actin filament-based proce...";3;0;0,75;"1.00000";"1.00000"
"GO:0033043";"regulation of organelle organization";5;0;1,24;"1.00000";"1.00000"
"GO:0033044";"regulation of chromosome organization";2;0;0,5;"1.00000";"1.00000"
"GO:0033045";"regulation of sister chromatid segregati...";2;0;0,5;"1.00000";"1.00000"
"GO:0033365";"protein localization to organelle";14;0;3,48;"1.00000";"1.00000"
"GO:0033866";"nucleoside bisphosphate biosynthetic pro...";1;0;0,25;"1.00000";"1.00000"
"GO:0034030";"ribonucleoside bisphosphate biosynthetic...";1;0;0,25;"1.00000";"1.00000"
"GO:0034033";"purine nucleoside bisphosphate biosynthe...";1;0;0,25;"1.00000";"1.00000"
"GO:0034220";"ion transmembrane transport";1;0;0,25;"1.00000";"1.00000"
"GO:0034248";"regulation of cellular amide metabolic p...";6;0;1,49;"1.00000";"1.00000"
"GO:0034249";"negative regulation of cellular amide me...";2;0;0,5;"1.00000";"1.00000"
"GO:0034404";"nucleobase-containing small molecule bio...";2;0;0,5;"1.00000";"1.00000"
"GO:0034504";"protein localization to nucleus";2;0;0,5;"1.00000";"1.00000"
"GO:0034599";"cellular response to oxidative stress";1;0;0,25;"1.00000";"1.00000"
"GO:0034614";"cellular response to reactive oxygen spe...";1;0;0,25;"1.00000";"1.00000"
"GO:0035023";"regulation of Rho protein signal transdu...";6;0;1,49;"1.00000";"1.00000"
"GO:0035303";"regulation of dephosphorylation";1;0;0,25;"1.00000";"1.00000"
"GO:0035304";"regulation of protein dephosphorylation";1;0;0,25;"1.00000";"1.00000"
"GO:0035437";"maintenance of protein localization in e...";2;0;0,5;"1.00000";"1.00000"
"GO:0035592";"establishment of protein localization to...";1;0;0,25;"1.00000";"1.00000"
"GO:0036260";"RNA capping";3;0;0,75;"1.00000";"1.00000"
"GO:0042120";"alginic acid metabolic process";1;0;0,25;"1.00000";"1.00000"
"GO:0042122";"alginic acid catabolic process";1;0;0,25;"1.00000";"1.00000"
"GO:0042147";"retrograde transport, endosome to Golgi";1;0;0,25;"1.00000";"1.00000"
"GO:0042176";"regulation of protein catabolic process";1;0;0,25;"1.00000";"1.00000"
"GO:0042255";"ribosome assembly";2;0;0,5;"1.00000";"1.00000"
"GO:0042256";"mature ribosome assembly";1;0;0,25;"1.00000";"1.00000"
"GO:0042325";"regulation of phosphorylation";1;0;0,25;"1.00000";"1.00000"
"GO:0042357";"thiamine diphosphate metabolic process";1;0;0,25;"1.00000";"1.00000"
"GO:0042401";"cellular biogenic amine biosynthetic pro...";3;0;0,75;"1.00000";"1.00000"
"GO:0042430";"indole-containing compound metabolic pro...";5;0;1,24;"1.00000";"1.00000"
"GO:0042435";"indole-containing compound biosynthetic ...";2;0;0,5;"1.00000";"1.00000"
"GO:0042436";"indole-containing compound catabolic pro...";1;0;0,25;"1.00000";"1.00000"
"GO:0042450";"arginine biosynthetic process via ornith...";1;0;0,25;"1.00000";"1.00000"
"GO:0042455";"ribonucleoside biosynthetic process";2;0;0,5;"1.00000";"1.00000"
"GO:0042546";"cell wall biogenesis";1;0;0,25;"1.00000";"1.00000"
"GO:0042773";"ATP synthesis coupled electron transport";6;0;1,49;"1.00000";"1.00000"
"GO:0042775";"mitochondrial ATP synthesis coupled elec...";5;0;1,24;"1.00000";"1.00000"
"GO:0043094";"cellular metabolic compound salvage";1;0;0,25;"1.00000";"1.00000"
"GO:0043096";"purine nucleobase salvage";1;0;0,25;"1.00000";"1.00000"
"GO:0043101";"purine-containing compound salvage";1;0;0,25;"1.00000";"1.00000"
"GO:0043254";"regulation of protein-containing complex...";3;0;0,75;"1.00000";"1.00000"
"GO:0043487";"regulation of RNA stability";1;0;0,25;"1.00000";"1.00000"
"GO:0043488";"regulation of mRNA stability";1;0;0,25;"1.00000";"1.00000"
"GO:0043545";"molybdopterin cofactor metabolic process";4;0;0,99;"1.00000";"1.00000"
"GO:0043549";"regulation of kinase activity";1;0;0,25;"1.00000";"1.00000"
"GO:0043574";"peroxisomal transport";1;0;0,25;"1.00000";"1.00000"
"GO:0043666";"regulation of phosphoprotein phosphatase...";1;0;0,25;"1.00000";"1.00000"
"GO:0044087";"regulation of cellular component biogene...";3;0;0,75;"1.00000";"1.00000"
"GO:0044107";"cellular alcohol metabolic process";1;0;0,25;"1.00000";"1.00000"
"GO:0044108";"cellular alcohol biosynthetic process";1;0;0,25;"1.00000";"1.00000"
"GO:0044247";"cellular polysaccharide catabolic proces...";1;0;0,25;"1.00000";"1.00000"
"GO:0044275";"cellular carbohydrate catabolic process";2;0;0,5;"1.00000";"1.00000"
"GO:0044743";"protein transmembrane import into intrac...";1;0;0,25;"1.00000";"1.00000"
"GO:0044770";"cell cycle phase transition";2;0;0,5;"1.00000";"1.00000"
"GO:0044772";"mitotic cell cycle phase transition";2;0;0,5;"1.00000";"1.00000"
"GO:0044784";"metaphase/anaphase transition of cell cy...";2;0;0,5;"1.00000";"1.00000"
"GO:0045005";"DNA-templated DNA replication maintenanc...";1;0;0,25;"1.00000";"1.00000"
"GO:0045039";"protein insertion into mitochondrial inn...";4;0;0,99;"1.00000";"1.00000"
"GO:0045047";"protein targeting to ER";5;0;1,24;"1.00000";"1.00000"
"GO:0045132";"meiotic chromosome segregation";1;0;0,25;"1.00000";"1.00000"
"GO:0045185";"maintenance of protein location";2;0;0,5;"1.00000";"1.00000"
"GO:0045329";"carnitine biosynthetic process";1;0;0,25;"1.00000";"1.00000"
"GO:0045333";"cellular respiration";15;0;3,73;"1.00000";"1.00000"
"GO:0045859";"regulation of protein kinase activity";1;0;0,25;"1.00000";"1.00000"
"GO:0045900";"negative regulation of translational elo...";1;0;0,25;"1.00000";"1.00000"
"GO:0045934";"negative regulation of nucleobase-contai...";2;0;0,5;"1.00000";"1.00000"
"GO:0045935";"positive regulation of nucleobase-contai...";1;0;0,25;"1.00000";"1.00000"
"GO:0045936";"negative regulation of phosphate metabol...";1;0;0,25;"1.00000";"1.00000"
"GO:0045980";"negative regulation of nucleotide metabo...";1;0;0,25;"1.00000";"1.00000"
"GO:0046036";"CTP metabolic process";1;0;0,25;"1.00000";"1.00000"
"GO:0046039";"GTP metabolic process";1;0;0,25;"1.00000";"1.00000"
"GO:0046051";"UTP metabolic process";1;0;0,25;"1.00000";"1.00000"
"GO:0046073";"dTMP metabolic process";1;0;0,25;"1.00000";"1.00000"
"GO:0046080";"dUTP metabolic process";1;0;0,25;"1.00000";"1.00000"
"GO:0046083";"adenine metabolic process";1;0;0,25;"1.00000";"1.00000"
"GO:0046084";"adenine biosynthetic process";1;0;0,25;"1.00000";"1.00000"
"GO:0046087";"cytidine metabolic process";1;0;0,25;"1.00000";"1.00000"
"GO:0046116";"queuosine metabolic process";2;0;0,5;"1.00000";"1.00000"
"GO:0046131";"pyrimidine ribonucleoside metabolic proc...";1;0;0,25;"1.00000";"1.00000"
"GO:0046148";"pigment biosynthetic process";3;0;0,75;"1.00000";"1.00000"
"GO:0046156";"siroheme metabolic process";1;0;0,25;"1.00000";"1.00000"
"GO:0046168";"glycerol-3-phosphate catabolic process";1;0;0,25;"1.00000";"1.00000"
"GO:0046173";"polyol biosynthetic process";1;0;0,25;"1.00000";"1.00000"
"GO:0046219";"indolalkylamine biosynthetic process";2;0;0,5;"1.00000";"1.00000"
"GO:0046341";"CDP-diacylglycerol metabolic process";1;0;0,25;"1.00000";"1.00000"
"GO:0046349";"amino sugar biosynthetic process";3;0;0,75;"1.00000";"1.00000"
"GO:0046352";"disaccharide catabolic process";1;0;0,25;"1.00000";"1.00000"
"GO:0046365";"monosaccharide catabolic process";1;0;0,25;"1.00000";"1.00000"
"GO:0046385";"deoxyribose phosphate biosynthetic proce...";1;0;0,25;"1.00000";"1.00000"
"GO:0046416";"D-amino acid metabolic process";1;0;0,25;"1.00000";"1.00000"
"GO:0046439";"L-cysteine metabolic process";1;0;0,25;"1.00000";"1.00000"
"GO:0046456";"icosanoid biosynthetic process";1;0;0,25;"1.00000";"1.00000"
"GO:0046459";"short-chain fatty acid metabolic process";1;0;0,25;"1.00000";"1.00000"
"GO:0046466";"membrane lipid catabolic process";1;0;0,25;"1.00000";"1.00000"
"GO:0046578";"regulation of Ras protein signal transdu...";11;0;2,73;"1.00000";"1.00000"
"GO:0046835";"carbohydrate phosphorylation";1;0;0,25;"1.00000";"1.00000"
"GO:0046836";"glycolipid transport";1;0;0,25;"1.00000";"1.00000"
"GO:0046839";"phospholipid dephosphorylation";1;0;0,25;"1.00000";"1.00000"
"GO:0046854";"phosphatidylinositol phosphate biosynthe...";1;0;0,25;"1.00000";"1.00000"
"GO:0046903";"secretion";11;0;2,73;"1.00000";"1.00000"
"GO:0046916";"cellular transition metal ion homeostasi...";1;0;0,25;"1.00000";"1.00000"
"GO:0048015";"phosphatidylinositol-mediated signaling";1;0;0,25;"1.00000";"1.00000"
"GO:0048017";"inositol lipid-mediated signaling";1;0;0,25;"1.00000";"1.00000"
"GO:0048193";"Golgi vesicle transport";11;0;2,73;"1.00000";"1.00000"
"GO:0048278";"vesicle docking";9;0;2,24;"1.00000";"1.00000"
"GO:0048280";"vesicle fusion with Golgi apparatus";1;0;0,25;"1.00000";"1.00000"
"GO:0048284";"organelle fusion";1;0;0,25;"1.00000";"1.00000"
"GO:0048478";"replication fork protection";1;0;0,25;"1.00000";"1.00000"
"GO:0048522";"positive regulation of cellular process";1;0;0,25;"1.00000";"1.00000"
"GO:0048523";"negative regulation of cellular process";4;0;0,99;"1.00000";"1.00000"
"GO:0050657";"nucleic acid transport";4;0;0,99;"1.00000";"1.00000"
"GO:0050658";"RNA transport";4;0;0,99;"1.00000";"1.00000"
"GO:0050779";"RNA destabilization";1;0;0,25;"1.00000";"1.00000"
"GO:0050877";"nervous system process";1;0;0,25;"1.00000";"1.00000"
"GO:0051028";"mRNA transport";2;0;0,5;"1.00000";"1.00000"
"GO:0051052";"regulation of DNA metabolic process";2;0;0,5;"1.00000";"1.00000"
"GO:0051053";"negative regulation of DNA metabolic pro...";1;0;0,25;"1.00000";"1.00000"
"GO:0051090";"regulation of DNA-binding transcription ...";1;0;0,25;"1.00000";"1.00000"
"GO:0051128";"regulation of cellular component organiz...";5;0;1,24;"1.00000";"1.00000"
"GO:0051168";"nuclear export";1;0;0,25;"1.00000";"1.00000"
"GO:0051170";"import into nucleus";2;0;0,5;"1.00000";"1.00000"
"GO:0051174";"regulation of phosphorus metabolic proce...";3;0;0,75;"1.00000";"1.00000"
"GO:0051189";"prosthetic group metabolic process";4;0;0,99;"1.00000";"1.00000"
"GO:0051204";"protein insertion into mitochondrial mem...";4;0;0,99;"1.00000";"1.00000"
"GO:0051205";"protein insertion into membrane";6;0;1,49;"1.00000";"1.00000"
"GO:0051235";"maintenance of location";2;0;0,5;"1.00000";"1.00000"
"GO:0051236";"establishment of RNA localization";4;0;0,99;"1.00000";"1.00000"
"GO:0051254";"positive regulation of RNA metabolic pro...";1;0;0,25;"1.00000";"1.00000"
"GO:0051273";"beta-glucan metabolic process";1;0;0,25;"1.00000";"1.00000"
"GO:0051274";"beta-glucan biosynthetic process";1;0;0,25;"1.00000";"1.00000"
"GO:0051276";"chromosome organization";12;0;2,98;"1.00000";"1.00000"
"GO:0051301";"cell division";1;0;0,25;"1.00000";"1.00000"
"GO:0051302";"regulation of cell division";1;0;0,25;"1.00000";"1.00000"
"GO:0051304";"chromosome separation";2;0;0,5;"1.00000";"1.00000"
"GO:0051306";"mitotic sister chromatid separation";2;0;0,5;"1.00000";"1.00000"
"GO:0051321";"meiotic cell cycle";1;0;0,25;"1.00000";"1.00000"
"GO:0051493";"regulation of cytoskeleton organization";3;0;0,75;"1.00000";"1.00000"
"GO:0051604";"protein maturation";5;0;1,24;"1.00000";"1.00000"
"GO:0051640";"organelle localization";9;0;2,24;"1.00000";"1.00000"
"GO:0051651";"maintenance of location in cell";2;0;0,5;"1.00000";"1.00000"
"GO:0051668";"localization within membrane";11;0;2,73;"1.00000";"1.00000"
"GO:0051726";"regulation of cell cycle";3;0;0,75;"1.00000";"1.00000"
"GO:0051983";"regulation of chromosome segregation";2;0;0,5;"1.00000";"1.00000"
"GO:0055065";"metal ion homeostasis";2;0;0,5;"1.00000";"1.00000"
"GO:0055070";"copper ion homeostasis";2;0;0,5;"1.00000";"1.00000"
"GO:0055076";"transition metal ion homeostasis";2;0;0,5;"1.00000";"1.00000"
"GO:0055082";"cellular chemical homeostasis";1;0;0,25;"1.00000";"1.00000"
"GO:0061013";"regulation of mRNA catabolic process";1;0;0,25;"1.00000";"1.00000"
"GO:0061014";"positive regulation of mRNA catabolic pr...";1;0;0,25;"1.00000";"1.00000"
"GO:0061024";"membrane organization";7;0;1,74;"1.00000";"1.00000"
"GO:0061025";"membrane fusion";1;0;0,25;"1.00000";"1.00000"
"GO:0061157";"mRNA destabilization";1;0;0,25;"1.00000";"1.00000"
"GO:0062012";"regulation of small molecule metabolic p...";1;0;0,25;"1.00000";"1.00000"
"GO:0062014";"negative regulation of small molecule me...";1;0;0,25;"1.00000";"1.00000"
"GO:0062197";"cellular response to chemical stress";1;0;0,25;"1.00000";"1.00000"
"GO:0065002";"intracellular protein transmembrane tran...";1;0;0,25;"1.00000";"1.00000"
"GO:0070585";"protein localization to mitochondrion";4;0;0,99;"1.00000";"1.00000"
"GO:0070887";"cellular response to chemical stimulus";1;0;0,25;"1.00000";"1.00000"
"GO:0070925";"organelle assembly";3;0;0,75;"1.00000";"1.00000"
"GO:0070972";"protein localization to endoplasmic reti...";7;0;1,74;"1.00000";"1.00000"
"GO:0071103";"DNA conformation change";4;0;0,99;"1.00000";"1.00000"
"GO:0071450";"cellular response to oxygen radical";1;0;0,25;"1.00000";"1.00000"
"GO:0071451";"cellular response to superoxide";1;0;0,25;"1.00000";"1.00000"
"GO:0071692";"protein localization to extracellular re...";1;0;0,25;"1.00000";"1.00000"
"GO:0071806";"protein transmembrane transport";1;0;0,25;"1.00000";"1.00000"
"GO:0071826";"ribonucleoprotein complex subunit organi...";1;0;0,25;"1.00000";"1.00000"
"GO:0071897";"DNA biosynthetic process";1;0;0,25;"1.00000";"1.00000"
"GO:0071900";"regulation of protein serine/threonine k...";1;0;0,25;"1.00000";"1.00000"
"GO:0072329";"monocarboxylic acid catabolic process";1;0;0,25;"1.00000";"1.00000"
"GO:0072594";"establishment of protein localization to...";12;0;2,98;"1.00000";"1.00000"
"GO:0072595";"maintenance of protein localization in o...";2;0;0,5;"1.00000";"1.00000"
"GO:0072599";"establishment of protein localization to...";5;0;1,24;"1.00000";"1.00000"
"GO:0072655";"establishment of protein localization to...";4;0;0,99;"1.00000";"1.00000"
"GO:0072657";"protein localization to membrane";11;0;2,73;"1.00000";"1.00000"
"GO:0072662";"protein localization to peroxisome";1;0;0,25;"1.00000";"1.00000"
"GO:0072663";"establishment of protein localization to...";1;0;0,25;"1.00000";"1.00000"
"GO:0090066";"regulation of anatomical structure size";3;0;0,75;"1.00000";"1.00000"
"GO:0090150";"establishment of protein localization to...";11;0;2,73;"1.00000";"1.00000"
"GO:0090151";"establishment of protein localization to...";4;0;0,99;"1.00000";"1.00000"
"GO:0090174";"organelle membrane fusion";1;0;0,25;"1.00000";"1.00000"
"GO:0090305";"nucleic acid phosphodiester bond hydroly...";1;0;0,25;"1.00000";"1.00000"
"GO:0090329";"regulation of DNA-templated DNA replicat...";1;0;0,25;"1.00000";"1.00000"
"GO:0090501";"RNA phosphodiester bond hydrolysis";1;0;0,25;"1.00000";"1.00000"
"GO:0097237";"cellular response to toxic substance";1;0;0,25;"1.00000";"1.00000"
"GO:0097384";"cellular lipid biosynthetic process";1;0;0,25;"1.00000";"1.00000"
"GO:0097435";"supramolecular fiber organization";4;0;0,99;"1.00000";"1.00000"
"GO:0098655";"cation transmembrane transport";1;0;0,25;"1.00000";"1.00000"
"GO:0098660";"inorganic ion transmembrane transport";1;0;0,25;"1.00000";"1.00000"
"GO:0098662";"inorganic cation transmembrane transport";1;0;0,25;"1.00000";"1.00000"
"GO:0098754";"detoxification";1;0;0,25;"1.00000";"1.00000"
"GO:0098813";"nuclear chromosome segregation";3;0;0,75;"1.00000";"1.00000"
"GO:0098869";"cellular oxidant detoxification";1;0;0,25;"1.00000";"1.00000"
"GO:0099116";"tRNA 5'-end processing";1;0;0,25;"1.00000";"1.00000"
"GO:0110053";"regulation of actin filament organizatio...";3;0;0,75;"1.00000";"1.00000"
"GO:0110154";"RNA decapping";1;0;0,25;"1.00000";"1.00000"
"GO:0110156";"methylguanosine-cap decapping";1;0;0,25;"1.00000";"1.00000"
"GO:0140013";"meiotic nuclear division";1;0;0,25;"1.00000";"1.00000"
"GO:0140014";"mitotic nuclear division";2;0;0,5;"1.00000";"1.00000"
"GO:0140029";"exocytic process";7;0;1,74;"1.00000";"1.00000"
"GO:0140056";"organelle localization by membrane tethe...";9;0;2,24;"1.00000";"1.00000"
"GO:0140352";"export from cell";11;0;2,73;"1.00000";"1.00000"
"GO:0140694";"non-membrane-bounded organelle assembly";2;0;0,5;"1.00000";"1.00000"
"GO:1900247";"regulation of cytoplasmic translational ...";1;0;0,25;"1.00000";"1.00000"
"GO:1901073";"glucosamine-containing compound biosynth...";3;0;0,75;"1.00000";"1.00000"
"GO:1901264";"carbohydrate derivative transport";4;0;0,99;"1.00000";"1.00000"
"GO:1901659";"glycosyl compound biosynthetic process";2;0;0,5;"1.00000";"1.00000"
"GO:1901700";"response to oxygen-containing compound";1;0;0,25;"1.00000";"1.00000"
"GO:1901701";"cellular response to oxygen-containing c...";1;0;0,25;"1.00000";"1.00000"
"GO:1901987";"regulation of cell cycle phase transitio...";2;0;0,5;"1.00000";"1.00000"
"GO:1901990";"regulation of mitotic cell cycle phase t...";2;0;0,5;"1.00000";"1.00000"
"GO:1902099";"regulation of metaphase/anaphase transit...";2;0;0,5;"1.00000";"1.00000"
"GO:1902221";"erythrose 4-phosphate/phosphoenolpyruvat...";2;0;0,5;"1.00000";"1.00000"
"GO:1902222";"erythrose 4-phosphate/phosphoenolpyruvat...";1;0;0,25;"1.00000";"1.00000"
"GO:1902223";"erythrose 4-phosphate/phosphoenolpyruvat...";1;0;0,25;"1.00000";"1.00000"
"GO:1902600";"proton transmembrane transport";1;0;0,25;"1.00000";"1.00000"
"GO:1902652";"secondary alcohol metabolic process";2;0;0,5;"1.00000";"1.00000"
"GO:1902653";"secondary alcohol biosynthetic process";2;0;0,5;"1.00000";"1.00000"
"GO:1902903";"regulation of supramolecular fiber organ...";3;0;0,75;"1.00000";"1.00000"
"GO:1903046";"meiotic cell cycle process";1;0;0,25;"1.00000";"1.00000"
"GO:1903047";"mitotic cell cycle process";2;0;0,5;"1.00000";"1.00000"
"GO:1903311";"regulation of mRNA metabolic process";1;0;0,25;"1.00000";"1.00000"
"GO:1903313";"positive regulation of mRNA metabolic pr...";1;0;0,25;"1.00000";"1.00000"
"GO:1904029";"regulation of cyclin-dependent protein k...";1;0;0,25;"1.00000";"1.00000"
"GO:1905037";"autophagosome organization";1;0;0,25;"1.00000";"1.00000"
"GO:1905818";"regulation of chromosome separation";2;0;0,5;"1.00000";"1.00000"
"GO:1990748";"cellular detoxification";1;0;0,25;"1.00000";"1.00000"
"GO:2000104";"negative regulation of DNA-templated DNA...";1;0;0,25;"1.00000";"1.00000"
"GO:2000112";"regulation of cellular macromolecule bio...";6;0;1,49;"1.00000";"1.00000"
"GO:2000113";"negative regulation of cellular macromol...";2;0;0,5;"1.00000";"1.00000"
